Date,Open,High,Low,Last,Close,Total Trade Quantity,Turnover (Lacs)
2018-01-09,22.8,22.8,21.4,21.7,21.75,519960.0,113.47
2018-01-08,21.45,23.15,21.15,22.65,22.55,1188504.0,268.26
2018-01-05,22.25,22.3,20.4,21.15,21.05,761115.0,161.64
2018-01-04,24.15,24.25,22.0,22.2,22.2,1268841.0,291.74
2018-01-03,22.8,25.2,22.75,24.4,24.05,3942058.0,947.68
2018-01-02,18.7,22.35,18.55,22.35,22.2,5040559.0,1049.65
2018-01-01,18.6,18.95,18.5,18.7,18.65,399936.0,75.0
2017-12-29,18.3,18.6,18.25,18.25,18.45,268947.0,49.67
2017-12-28,18.6,18.6,18.1,18.3,18.2,150120.0,27.57
2017-12-27,18.45,18.9,18.3,18.3,18.35,196571.0,36.49
2017-12-26,18.9,18.9,18.15,18.5,18.55,422813.0,78.4
2017-12-22,18.95,19.1,18.1,18.6,18.45,218729.0,40.83
2017-12-21,18.2,18.85,17.5,18.75,18.55,250032.0,45.71
2017-12-20,18.2,19.4,17.7,17.85,17.85,193990.0,34.96
2017-12-19,18.05,18.4,17.7,18.05,17.95,131611.0,23.75
2017-12-18,18.0,18.1,17.1,17.95,17.85,78760.0,14.03
2017-12-15,17.95,18.2,17.7,17.8,17.95,86140.0,15.53
2017-12-14,17.95,18.1,17.65,17.65,17.75,61277.0,10.94
2017-12-13,17.9,18.5,17.8,17.85,17.85,98826.0,17.82
2017-12-12,18.25,18.4,17.85,17.9,17.9,101331.0,18.32
2017-12-11,18.3,19.0,18.0,18.2,18.25,153358.0,28.23
2017-12-08,16.95,18.95,16.95,18.15,18.2,828736.0,152.82
2017-12-07,17.0,17.25,16.5,16.85,16.85,178237.0,30.1
2017-12-06,17.1,17.25,16.55,16.85,16.9,82471.0,13.99
2017-12-05,17.45,17.6,17.05,17.15,17.2,101181.0,17.5
2017-12-04,18.05,18.05,17.25,17.35,17.35,98011.0,17.18
2017-12-01,18.5,18.7,17.9,18.05,17.95,131241.0,24.01
2017-11-30,18.1,19.0,17.85,18.25,18.35,407156.0,75.71
2017-11-29,18.3,18.75,18.0,18.2,18.15,289306.0,53.27
2017-11-28,18.9,19.2,18.35,18.6,18.65,520951.0,97.43
2017-11-27,19.5,19.6,18.1,18.8,18.7,501997.0,94.36
2017-11-24,18.95,19.0,18.0,18.8,18.7,682017.0,127.41
2017-11-23,16.15,19.1,15.95,18.85,18.45,2627163.0,491.26
2017-11-22,16.75,16.8,15.7,16.05,15.95,307665.0,49.52
2017-11-21,16.9,16.9,16.55,16.65,16.6,117488.0,19.58
2017-11-20,17.05,17.05,16.3,16.9,16.8,52238.0,8.76
2017-11-17,16.75,17.2,16.05,16.95,16.85,124450.0,21.02
2017-11-16,17.5,17.5,16.4,17.0,16.75,160735.0,26.95
2017-11-15,17.5,18.0,17.05,17.25,17.1,94977.0,16.58
2017-11-14,17.6,17.85,17.4,17.7,17.55,96518.0,17.02
2017-11-13,17.85,18.1,17.5,17.55,17.6,92448.0,16.41
2017-11-10,18.2,18.2,17.7,17.8,17.8,89888.0,16.01
2017-11-09,17.85,18.4,17.75,17.95,17.85,98004.0,17.54
2017-11-08,18.25,18.45,17.65,17.65,17.8,128712.0,23.25
2017-11-07,18.4,18.4,17.95,18.1,18.0,197197.0,35.6
2017-11-06,18.6,18.6,17.9,18.05,18.0,265543.0,48.24
2017-11-03,19.55,19.75,17.95,18.0,18.15,463437.0,86.16
2017-11-02,18.75,19.85,18.5,19.15,19.15,324060.0,62.49
2017-11-01,18.9,18.9,18.45,18.7,18.65,172110.0,32.1
2017-10-31,18.9,18.95,18.0,18.5,18.6,157734.0,29.54
2017-10-30,19.5,19.85,18.0,18.9,18.75,578033.0,108.89
2017-10-27,17.05,19.5,16.05,19.15,19.05,869924.0,162.17
2017-10-26,20.3,20.3,15.8,17.25,17.1,1893949.0,335.47
2017-10-25,21.4,24.45,19.5,19.7,19.75,2445331.0,515.24
2017-10-24,22.65,22.65,20.1,21.1,21.15,932359.0,196.69
2017-10-23,22.2,23.9,22.2,23.1,22.9,113596.0,26.16
2017-10-19,22.85,23.4,22.85,23.2,23.15,26748.0,6.17
2017-10-18,23.4,23.4,22.65,22.9,22.8,85031.0,19.53
2017-10-17,23.2,23.45,22.65,23.2,23.2,109970.0,25.38
2017-10-16,24.1,24.4,22.5,22.8,22.65,187910.0,43.46
2017-10-13,24.2,24.55,23.95,24.1,24.15,46572.0,11.32
2017-10-12,25.0,25.4,23.9,24.2,24.05,94050.0,22.89
2017-10-11,27.05,27.3,24.3,25.0,24.65,282195.0,71.28
2017-10-10,23.85,27.4,23.5,26.3,26.7,921343.0,244.23
2017-10-09,23.5,24.3,23.0,23.75,23.85,91383.0,21.62
2017-10-06,24.1,24.4,22.95,23.25,23.15,103610.0,24.21
2017-10-05,23.0,25.3,21.6,23.85,23.8,532205.0,131.49
2017-10-04,22.9,24.4,22.25,23.15,23.0,165943.0,39.09
2017-10-03,23.0,23.6,22.4,22.4,22.55,75993.0,17.41
2017-09-29,23.0,23.6,22.1,23.4,23.1,69280.0,15.86
2017-09-28,22.15,22.55,21.85,22.35,22.35,64697.0,14.37
2017-09-27,22.4,22.7,22.15,22.5,22.3,80903.0,18.1
2017-09-26,23.0,23.4,22.0,22.6,22.4,61027.0,13.78
2017-09-25,23.15,23.8,22.05,22.6,22.6,66938.0,15.07
2017-09-22,23.1,24.05,22.8,23.5,23.1,104128.0,24.23
2017-09-21,25.0,25.4,23.65,23.95,24.0,226784.0,54.56
2017-09-20,26.1,26.35,24.3,24.9,25.05,92229.0,23.6
2017-09-19,26.0,26.45,25.8,26.1,25.85,96825.0,25.25
2017-09-18,26.4,26.9,25.6,26.0,25.95,133064.0,34.88
2017-09-15,27.95,28.25,25.45,26.0,26.0,387401.0,102.41
2017-09-14,25.0,27.6,24.95,27.6,27.6,676078.0,182.88
2017-09-13,27.0,27.0,24.8,25.25,25.1,430190.0,109.18
2017-09-12,30.05,30.25,27.1,27.1,27.1,510314.0,141.7
2017-09-11,29.3,32.4,29.3,30.05,30.1,1633783.0,508.02
2017-09-08,24.85,28.85,24.75,28.85,28.8,1429317.0,389.15
2017-09-07,20.0,24.05,19.85,24.05,24.05,590117.0,135.55
2017-09-06,20.25,20.25,19.5,20.25,20.05,79672.0,15.86
2017-09-05,20.35,20.6,19.7,20.25,20.15,93914.0,18.77
2017-09-04,21.45,21.45,19.5,20.4,19.85,165682.0,33.25
2017-09-01,21.0,21.65,20.5,20.8,20.75,108355.0,22.68
2017-08-31,21.8,21.8,19.95,20.45,20.45,97109.0,19.92
2017-08-30,21.15,21.4,20.5,21.2,21.05,34825.0,7.32
2017-08-29,21.15,21.3,20.5,20.5,20.6,25681.0,5.3
2017-08-28,20.9,21.45,20.3,21.15,21.1,53176.0,11.19
2017-08-24,20.25,20.7,19.85,20.2,20.2,79963.0,16.18
2017-08-23,21.55,21.7,20.35,20.6,20.6,44511.0,9.31
2017-08-22,21.55,21.95,21.0,21.5,21.35,32358.0,6.95
2017-08-21,22.1,23.0,21.25,21.5,21.5,50794.0,11.17
2017-08-18,23.05,23.65,22.5,22.8,22.75,26844.0,6.15
2017-08-17,24.2,24.5,23.0,23.05,23.25,42361.0,9.98
2017-08-16,22.6,24.0,22.3,23.65,23.55,111713.0,26.03
2017-08-14,21.75,22.6,21.15,22.5,22.45,45313.0,9.97
2017-08-11,22.5,22.5,19.45,21.75,21.6,112557.0,24.24
2017-08-10,24.25,25.2,22.85,23.35,23.1,113002.0,26.71
2017-08-09,25.45,25.45,24.05,24.25,24.2,112525.0,27.5
2017-08-08,26.25,26.25,25.0,25.2,25.15,86365.0,21.93
2017-08-07,25.55,27.5,25.35,25.75,25.65,64712.0,16.75
2017-08-04,26.15,26.9,25.5,25.8,25.75,115599.0,30.08
2017-08-03,27.1,27.2,26.0,26.4,26.1,63324.0,16.7
2017-08-02,26.9,27.5,26.5,26.9,27.0,43523.0,11.78
2017-08-01,27.0,27.65,26.6,27.1,27.05,69121.0,18.71
2017-07-31,27.65,28.0,26.8,27.0,26.95,60520.0,16.46
2017-07-28,28.5,28.5,27.0,27.5,27.3,91295.0,24.94
2017-07-27,29.1,29.3,27.6,28.15,27.9,90033.0,25.48
2017-07-26,28.35,29.25,28.2,28.8,28.85,73550.0,21.08
2017-07-25,28.1,29.0,28.1,28.35,28.4,36775.0,10.49
2017-07-24,29.75,30.35,28.6,28.7,28.75,106351.0,31.08
2017-07-21,29.85,30.6,29.3,29.9,30.0,246150.0,74.23
2017-07-20,28.4,30.8,28.0,29.4,29.6,460390.0,136.89
2017-07-19,26.8,28.85,26.2,28.0,28.05,240569.0,67.06
2017-07-18,26.9,27.05,26.1,26.75,26.45,80803.0,21.48
2017-07-17,27.5,27.5,26.65,26.8,26.8,58565.0,15.8
2017-07-14,26.8,27.2,26.6,26.8,26.8,60731.0,16.29
2017-07-13,27.7,27.7,26.75,26.85,26.9,77567.0,21.02
2017-07-12,27.55,28.0,26.55,27.05,26.8,87306.0,23.63
2017-07-11,28.0,28.5,27.45,27.45,27.55,43917.0,12.22
2017-07-10,29.0,29.15,27.1,28.0,27.75,15938.0,4.43
2017-07-07,27.9,28.6,27.65,28.3,28.1,114210.0,31.87
2017-07-06,28.8,29.3,25.2,27.75,27.65,171842.0,47.47
2017-07-05,28.45,29.75,28.0,28.95,28.8,67098.0,19.35
2017-07-04,29.3,29.9,28.5,28.9,28.8,54017.0,15.8
2017-07-03,28.9,30.4,28.9,29.4,29.55,130730.0,38.94
2017-06-30,29.5,29.7,28.45,29.25,29.05,92197.0,26.8
2017-06-29,28.35,29.85,27.2,29.7,29.5,315971.0,92.19
2017-06-28,27.2,28.0,26.25,27.5,27.35,74676.0,20.52
2017-06-27,29.0,29.1,27.0,27.7,27.45,87000.0,24.31
2017-06-23,26.55,29.85,26.05,28.65,28.55,362322.0,103.7
2017-06-22,27.05,27.5,26.0,26.55,26.65,170783.0,45.53
2017-06-21,27.5,27.9,27.0,27.25,27.35,98798.0,27.12
2017-06-20,27.45,28.4,27.0,27.5,27.3,77596.0,21.41
2017-06-19,28.2,29.0,27.4,27.95,27.8,41992.0,11.72
2017-06-16,29.0,29.45,27.5,28.2,27.95,103797.0,29.34
2017-06-15,29.4,29.75,28.5,29.0,28.75,105000.0,30.51
2017-06-14,29.0,29.6,28.0,29.0,28.9,45585.0,13.23
2017-06-13,30.0,30.0,29.05,29.4,29.3,43401.0,12.76
2017-06-12,29.55,30.0,29.3,29.9,29.75,37162.0,11.01
2017-06-09,29.2,30.0,28.6,29.6,29.55,46912.0,13.79
2017-06-08,30.95,30.95,29.0,29.5,29.55,75125.0,22.44
2017-06-07,30.85,31.25,30.05,30.15,30.2,34693.0,10.53
2017-06-06,31.1,31.7,30.05,30.15,30.2,144000.0,44.3
2017-06-05,31.05,31.65,30.5,31.5,31.45,59145.0,18.41
2017-06-02,32.0,32.0,31.0,31.5,31.35,52559.0,16.56
2017-06-01,30.2,32.0,29.7,31.5,31.5,76545.0,24.09
2017-05-31,30.8,30.8,29.6,30.2,29.95,36439.0,10.99
2017-05-30,30.2,30.4,28.0,29.75,29.95,47774.0,14.14
2017-05-29,30.45,30.45,29.35,29.7,29.55,38633.0,11.45
2017-05-26,29.0,30.7,29.0,30.2,30.2,122936.0,36.94
2017-05-25,29.8,30.1,28.9,29.1,29.2,85121.0,25.17
2017-05-24,29.5,30.55,29.35,29.8,29.75,60850.0,18.2
2017-05-23,31.25,31.25,28.75,29.7,29.8,134476.0,40.08
2017-05-22,32.05,32.4,31.05,31.7,31.75,66937.0,21.43
2017-05-19,32.9,33.25,31.5,31.6,31.75,86284.0,27.59
2017-05-18,32.5,33.2,31.8,31.8,32.15,38160.0,12.36
2017-05-17,33.15,33.3,31.9,33.0,32.45,104433.0,33.94
2017-05-16,33.0,33.35,32.35,32.7,32.65,48765.0,15.99
2017-05-15,32.05,33.4,32.05,32.9,32.75,44567.0,14.64
2017-05-12,33.45,33.6,32.55,33.1,32.85,77120.0,25.49
2017-05-11,33.3,34.25,32.9,33.45,33.3,87504.0,29.22
2017-05-10,34.2,34.4,31.1,33.0,32.9,201406.0,66.42
2017-05-09,34.4,34.6,33.95,34.1,34.2,21396.0,7.32
2017-05-08,33.9,34.95,33.8,34.2,34.3,93256.0,32.08
2017-05-05,34.15,34.6,33.4,33.8,33.65,82005.0,27.71
2017-05-04,34.5,35.5,34.0,34.3,34.4,66653.0,23.03
2017-05-03,34.9,34.9,33.55,33.9,33.7,52610.0,17.82
2017-05-02,34.65,35.8,33.6,34.0,34.15,121974.0,41.96
2017-04-28,35.5,36.75,34.7,34.7,34.85,146579.0,51.54
2017-04-27,36.4,37.0,35.7,35.9,35.85,56581.0,20.33
2017-04-26,37.7,37.8,36.1,36.35,36.25,82484.0,30.2
2017-04-25,37.45,37.45,36.4,37.0,36.9,94427.0,34.95
2017-04-24,36.0,38.4,35.95,36.9,36.8,240632.0,88.43
2017-04-21,35.25,36.7,35.25,35.75,35.85,368970.0,133.12
2017-04-20,38.55,38.9,37.3,37.75,37.65,158875.0,60.69
2017-04-19,37.0,38.8,36.0,38.4,37.95,495032.0,185.94
2017-04-18,34.95,38.55,34.7,36.4,36.8,1765413.0,670.12
2017-04-17,36.0,36.6,34.75,35.0,35.05,137060.0,48.83
2017-04-13,36.25,36.25,35.2,36.2,35.95,124546.0,44.59
2017-04-12,36.0,36.9,35.4,35.7,35.55,172867.0,62.11
2017-04-11,36.0,37.65,35.2,35.6,35.85,356175.0,128.28
2017-04-10,38.35,38.35,35.75,36.9,37.45,140967.0,52.53
2017-04-07,38.5,38.55,37.5,38.35,38.4,58169.0,22.26
2017-04-06,40.0,40.0,37.25,38.95,38.7,1143756.0,450.23
2017-04-05,38.1,38.1,38.1,38.1,38.1,42217.0,16.08
2017-04-03,35.0,36.3,35.0,36.3,36.3,79352.0,28.34
2017-03-31,35.5,35.5,34.1,34.4,34.6,1042841.0,360.91
2017-03-30,37.5,38.0,35.85,35.85,35.85,187621.0,68.99
2017-03-29,39.5,39.5,37.25,38.1,37.7,182418.0,69.1
2017-03-28,39.95,40.5,38.15,38.65,38.55,280958.0,110.63
2017-03-27,40.4,41.2,39.7,40.1,39.9,118305.0,47.4
2017-03-24,40.4,41.4,39.9,40.4,40.55,100160.0,40.86
2017-03-23,41.15,41.6,40.55,40.8,40.8,790149.0,323.07
2017-03-22,42.15,42.25,41.0,41.25,41.2,51313.0,21.3
2017-03-21,42.85,43.0,41.1,41.5,42.45,318053.0,132.92
2017-03-20,44.25,44.4,42.2,42.25,42.4,580919.0,252.93
2017-03-17,42.15,44.2,41.0,43.7,43.9,406661.0,176.68
2017-03-16,42.8,43.0,41.9,41.9,42.1,145573.0,61.83
2017-03-15,44.55,44.55,42.55,43.0,42.8,695677.0,305.95
2017-03-14,40.65,42.45,40.6,42.45,42.45,183426.0,77.17
2017-03-10,40.85,42.0,40.15,40.15,40.45,43730.0,17.89
2017-03-09,40.95,42.2,38.5,42.0,41.7,241282.0,97.42
2017-03-08,41.25,42.3,40.25,40.55,40.5,80797.0,33.17
2017-03-07,42.4,42.4,40.0,40.7,40.55,107504.0,43.99
2017-03-06,42.65,42.65,40.4,41.95,41.9,79797.0,33.09
2017-03-03,38.5,41.1,38.35,41.1,41.1,111032.0,44.93
2017-03-02,39.95,40.0,39.1,39.1,39.15,18225.0,7.17
2017-03-01,40.0,40.0,39.0,39.1,39.25,15290.0,6.04
2017-02-28,38.85,40.45,38.2,39.2,39.35,25723.0,10.2
2017-02-27,39.2,40.5,38.55,39.7,39.65,32723.0,13.0
2017-02-23,39.9,40.7,39.3,39.4,40.2,59052.0,23.69
2017-02-22,40.6,40.7,38.75,39.6,39.55,52539.0,20.92
2017-02-21,39.7,40.55,38.2,40.5,40.35,42468.0,16.99
2017-02-20,40.5,40.75,39.0,39.7,39.65,28227.0,11.27
2017-02-17,40.5,40.85,38.6,39.85,39.55,54378.0,21.6
2017-02-16,39.0,41.45,37.8,40.1,40.2,95159.0,38.24
2017-02-15,40.2,41.0,39.65,39.75,39.7,151373.0,60.8
2017-02-14,43.15,43.15,40.7,41.5,41.7,148659.0,61.83
2017-02-13,41.15,43.1,41.0,42.8,42.8,173729.0,73.37
2017-02-10,40.8,43.45,40.8,41.5,41.5,1054400.0,440.17
2017-02-09,41.0,43.0,40.3,40.9,41.8,170591.0,71.6
2017-02-08,43.0,43.9,41.8,42.0,42.2,46746.0,19.8
2017-02-07,44.8,45.2,41.6,44.5,44.0,164938.0,70.92
2017-02-06,43.0,45.5,42.0,43.9,43.75,137993.0,61.4
2017-02-03,41.0,44.5,40.4,43.4,43.85,258786.0,107.64
2017-02-02,42.55,44.85,42.5,42.5,42.5,187805.0,80.11
2017-02-01,45.6,45.65,44.7,44.7,44.7,129692.0,58.03
2017-01-31,48.0,50.5,47.05,47.05,47.05,938210.0,447.07
2017-01-30,48.5,49.5,45.1,49.5,49.5,1059881.0,512.71
2017-01-27,47.15,47.15,46.75,47.15,47.15,204396.0,96.36
2017-01-25,44.4,44.95,43.85,44.95,44.95,983924.0,440.79
2017-01-24,41.65,42.85,41.5,42.85,42.85,381039.0,162.0
2017-01-23,38.8,40.85,37.05,40.85,40.85,1079134.0,424.65
2017-01-20,38.95,38.95,38.95,38.95,38.95,58797.0,22.9
2017-01-19,37.1,37.1,35.95,37.1,37.1,331471.0,122.51
2017-01-18,33.95,35.35,33.95,35.35,35.35,319148.0,111.58
2017-01-17,34.2,34.45,33.5,33.55,33.7,81426.0,27.7
2017-01-16,34.6,34.6,33.5,34.05,34.25,64754.0,22.13
2017-01-13,35.25,35.25,34.05,34.35,34.3,225450.0,77.68
2017-01-12,32.85,34.9,32.8,34.15,33.75,215686.0,73.02
2017-01-11,32.8,33.75,32.8,33.0,33.3,57924.0,19.39
2017-01-10,33.5,33.95,32.6,33.65,33.35,69094.0,22.94
2017-01-09,32.6,34.25,32.6,33.15,33.1,302764.0,102.05
2017-01-06,33.8,34.2,32.25,32.85,32.65,100883.0,33.31
2017-01-05,35.55,35.55,33.0,33.8,33.7,245878.0,83.64
2017-01-04,33.8,33.9,33.75,33.9,33.9,56694.0,19.2
2017-01-03,32.0,32.3,31.85,32.3,32.3,116284.0,37.5
2017-01-02,30.0,30.8,28.75,30.8,30.8,94617.0,28.6
2016-12-30,29.6,29.85,28.5,29.4,29.35,83955.0,24.75
2016-12-29,29.9,29.9,27.8,29.2,29.1,132502.0,38.27
2016-12-28,28.85,30.4,28.85,29.55,29.25,93681.0,27.87
2016-12-27,28.65,29.7,28.65,29.25,29.4,95166.0,27.78
2016-12-26,30.4,30.6,28.95,29.25,29.25,114942.0,34.17
2016-12-23,30.25,31.35,29.6,30.05,30.45,142404.0,43.43
2016-12-22,30.8,30.8,29.6,30.45,30.3,102713.0,30.96
2016-12-21,31.7,31.7,30.2,30.4,30.35,178917.0,55.04
2016-12-20,32.15,33.3,31.0,31.45,31.6,339649.0,110.39
2016-12-19,30.7,32.05,30.7,32.05,32.05,324090.0,103.19
2016-12-16,32.15,32.5,30.5,30.55,30.55,234259.0,72.91
2016-12-15,32.85,33.95,32.0,32.1,32.1,238933.0,78.32
2016-12-14,35.35,35.75,33.4,33.5,33.65,213648.0,73.87
2016-12-13,35.05,35.4,34.1,35.0,35.0,83711.0,29.26
2016-12-12,36.2,36.2,34.2,34.6,34.75,159900.0,56.18
2016-12-09,35.9,35.9,35.05,35.6,35.4,98240.0,34.86
2016-12-08,36.0,36.3,34.6,35.0,35.35,214624.0,76.2
2016-12-07,33.9,35.15,32.7,35.15,35.15,694229.0,243.1
2016-12-06,33.4,34.0,32.1,33.8,33.5,159763.0,53.55
2016-12-05,34.05,34.3,32.9,33.3,33.3,110662.0,37.03
2016-12-02,34.7,36.65,33.25,33.95,33.8,329436.0,111.97
2016-12-01,35.25,35.8,34.4,34.85,34.95,154323.0,53.96
2016-11-30,35.6,36.4,34.5,35.3,35.4,209603.0,73.73
2016-11-29,36.7,36.95,35.7,36.1,35.95,277917.0,101.21
2016-11-28,34.8,37.5,33.45,35.8,36.5,489940.0,173.23
2016-11-25,33.4,35.05,32.55,34.35,34.5,430808.0,147.49
2016-11-24,33.0,33.95,32.15,33.0,32.9,374076.0,123.35
2016-11-23,30.85,33.45,30.5,32.75,33.2,949068.0,307.21
2016-11-22,28.45,30.95,27.1,30.95,30.45,363503.0,107.65
2016-11-21,29.35,29.95,27.2,28.05,28.15,355730.0,101.47
2016-11-18,30.15,30.5,27.85,28.85,28.65,669554.0,192.66
2016-11-17,33.3,34.85,29.75,29.75,29.75,1419039.0,434.36
2016-11-16,34.15,35.8,30.5,33.3,33.05,1234722.0,404.87
2016-11-15,44.0,44.0,34.35,34.35,35.75,1151362.0,447.23
2016-11-11,45.9,45.9,42.1,43.0,42.9,391497.0,171.02
2016-11-10,47.0,47.7,45.0,45.75,46.1,564833.0,262.22
2016-11-09,38.8,45.0,38.75,44.55,44.1,1058432.0,437.92
2016-11-08,41.2,49.5,40.55,48.0,48.4,1968215.0,928.68
2016-11-07,54.55,54.6,40.65,41.5,42.25,945203.0,426.82
2016-11-04,55.0,55.0,47.2,49.9,49.65,360472.0,181.99
2016-11-03,54.35,56.7,52.85,53.75,53.55,301189.0,163.72
2016-11-02,57.0,57.4,52.05,54.45,54.3,239109.0,132.02
2016-11-01,57.1,58.45,56.5,57.0,56.9,354062.0,202.25
2016-10-30,58.0,58.7,56.85,57.05,57.25,275174.0,158.37
2016-10-28,56.85,59.3,56.7,57.35,57.45,633584.0,367.84
2016-10-27,58.0,58.9,56.7,56.85,56.9,727134.0,415.97
2016-10-26,58.8,59.75,57.4,58.0,57.95,1671028.0,973.9
2016-10-25,57.55,61.3,56.6,58.95,58.9,1338663.0,794.43
2016-10-24,57.0,58.8,55.35,57.35,57.2,1135289.0,649.34
2016-10-21,57.05,59.9,56.8,56.9,57.1,1351559.0,780.43
2016-10-20,63.05,63.05,55.5,57.0,57.45,5335147.0,3213.35
2016-10-19,57.35,57.35,57.35,57.35,57.35,175812.0,100.83
2016-10-18,52.15,52.15,52.15,52.15,52.15,156371.0,81.55
2016-10-17,45.1,47.45,45.1,47.45,47.45,582512.0,275.31
2016-10-14,41.9,42.8,38.85,39.5,39.55,994111.0,409.67
2016-10-13,33.9,40.7,33.55,40.6,40.7,1543157.0,608.6
2016-10-10,33.3,34.5,33.05,34.05,33.95,69656.0,23.74
2016-10-07,34.6,34.6,32.8,33.4,33.3,89094.0,29.73
2016-10-06,34.9,34.9,33.55,33.9,33.85,89481.0,30.67
2016-10-05,34.35,34.75,33.7,34.15,34.05,87043.0,29.78
2016-10-04,34.75,34.95,34.0,34.05,34.1,46539.0,15.95
2016-10-03,34.3,35.7,33.7,34.35,34.15,170885.0,59.16
2016-09-30,33.9,34.7,33.6,34.35,34.2,87475.0,29.92
2016-09-29,36.85,37.4,32.25,33.9,33.65,194957.0,68.69
2016-09-28,37.0,37.4,36.15,36.45,36.35,91765.0,33.71
2016-09-27,36.5,37.7,36.2,36.75,36.6,61930.0,22.84
2016-09-26,37.6,37.6,36.25,36.5,36.45,145648.0,53.41
2016-09-23,38.25,38.65,37.0,37.5,37.2,121419.0,46.02
2016-09-22,37.7,38.9,36.8,38.05,38.05,96371.0,36.44
2016-09-21,38.1,38.35,36.75,36.8,36.9,85297.0,31.88
2016-09-20,38.8,38.8,37.5,37.75,37.75,81751.0,31.05
2016-09-19,37.25,39.2,37.25,38.0,38.1,122083.0,46.8
2016-09-16,38.0,38.8,37.4,37.4,37.65,91087.0,34.68
2016-09-15,36.9,39.0,35.8,38.1,38.05,223882.0,84.77
2016-09-14,36.05,37.0,35.65,36.2,36.1,152475.0,55.07
2016-09-12,36.8,36.9,36.0,36.25,36.15,89643.0,32.64
2016-09-09,37.1,37.6,36.6,37.45,37.35,68804.0,25.62
2016-09-08,36.7,37.95,36.5,37.65,37.55,147645.0,55.3
2016-09-07,36.95,37.1,36.4,36.5,36.5,77527.0,28.46
2016-09-06,38.4,38.9,36.5,36.95,36.85,160789.0,60.02
2016-09-02,37.5,38.2,37.2,38.0,37.85,144501.0,54.41
2016-09-01,37.95,38.5,37.3,37.5,37.5,98623.0,37.41
2016-08-31,38.1,38.65,37.25,37.4,37.45,90229.0,34.12
2016-08-30,37.85,38.9,37.05,38.2,38.35,156473.0,59.62
2016-08-29,39.0,39.1,37.1,37.6,37.6,103128.0,39.14
2016-08-26,39.65,39.65,38.2,38.3,38.35,89488.0,34.66
2016-08-25,40.5,41.0,38.5,39.05,39.1,260898.0,103.49
2016-08-24,39.45,41.6,38.65,40.0,39.9,621783.0,249.92
2016-08-23,39.05,39.9,38.15,38.75,38.55,119100.0,46.65
2016-08-22,37.8,40.75,37.8,39.8,39.45,222069.0,87.2
2016-08-19,39.0,40.8,37.45,38.25,38.15,243559.0,95.35
2016-08-18,35.7,40.8,35.35,39.15,39.4,438123.0,170.65
2016-08-17,35.7,36.8,35.65,35.65,35.95,93832.0,34.0
2016-08-16,37.25,37.25,35.8,36.0,36.1,75295.0,27.47
2016-08-12,35.9,37.9,35.6,36.75,36.85,68739.0,25.4
2016-08-11,38.1,38.65,35.0,36.0,36.75,88701.0,33.15
2016-08-10,39.25,39.95,36.2,37.85,38.1,117044.0,44.88
2016-08-09,40.0,40.6,39.05,39.5,39.4,95501.0,37.79
2016-08-08,42.95,42.95,40.0,40.2,40.25,112873.0,46.42
2016-08-05,40.45,41.5,39.7,41.0,40.75,125882.0,51.22
2016-08-04,40.0,40.75,39.3,39.8,39.9,118040.0,47.09
2016-08-03,40.0,40.65,39.05,39.3,39.25,107323.0,42.56
2016-08-02,43.45,43.5,39.5,39.55,39.9,410242.0,168.64
2016-08-01,41.7,41.7,40.6,41.7,41.7,1921126.0,798.25
2016-07-29,38.4,39.3,37.75,38.0,37.95,76733.0,29.29
2016-07-28,39.0,39.6,38.25,38.6,38.6,93268.0,36.29
2016-07-27,39.9,39.9,38.5,39.15,39.0,54670.0,21.41
2016-07-26,40.95,41.45,39.0,39.1,39.2,117670.0,46.6
2016-07-25,39.65,42.7,38.95,40.55,40.3,576158.0,235.88
2016-07-22,40.85,42.2,37.55,38.8,38.85,754733.0,302.96
2016-07-21,41.5,41.8,40.5,41.35,40.65,116859.0,47.99
2016-07-20,41.45,41.7,40.65,41.0,41.05,98403.0,40.41
2016-07-19,41.65,41.9,40.35,41.0,40.95,73879.0,30.23
2016-07-18,42.7,43.45,41.0,41.25,41.3,97952.0,41.22
2016-07-15,43.9,44.15,41.85,42.5,42.15,89643.0,38.44
2016-07-14,43.7,44.4,43.0,43.45,43.4,62837.0,27.41
2016-07-13,44.45,44.85,42.4,43.2,43.0,111425.0,48.15
2016-07-12,44.95,45.5,43.2,44.0,44.05,133385.0,59.35
2016-07-11,46.55,47.35,43.5,43.9,44.25,294205.0,132.17
2016-07-08,46.3,48.1,44.4,46.35,46.35,501701.0,233.59
2016-07-07,46.0,47.5,45.8,46.15,46.25,174180.0,81.13
2016-07-05,46.9,46.9,45.2,45.75,46.25,124998.0,57.87
2016-07-04,45.45,48.8,45.3,46.85,47.0,512425.0,243.94
2016-07-01,44.6,47.5,44.2,44.8,45.05,423658.0,193.24
2016-06-30,46.35,46.85,43.5,43.95,44.05,1547449.0,716.1
2016-06-29,43.95,44.65,43.7,44.65,44.65,358567.0,159.63
2016-06-28,40.75,42.55,40.7,42.55,42.55,128894.0,54.26
2016-06-27,40.45,41.6,40.3,40.5,40.55,136955.0,55.99
2016-06-24,38.45,40.5,38.45,39.75,39.8,157727.0,62.39
2016-06-23,41.15,41.4,40.15,40.15,40.45,52370.0,21.37
2016-06-22,40.75,42.75,40.25,40.5,40.55,607661.0,253.36
2016-06-21,42.0,42.4,40.25,40.95,40.75,63294.0,26.18
2016-06-20,42.1,42.75,41.05,41.75,41.95,29813.0,12.54
2016-06-17,43.0,44.2,41.7,42.75,42.8,146289.0,63.04
2016-06-16,41.4,42.5,40.3,42.5,42.5,160663.0,66.68
2016-06-15,42.2,42.8,40.15,40.35,40.5,191478.0,79.16
2016-06-14,43.75,43.95,41.8,42.0,42.0,132240.0,56.4
2016-06-13,44.5,44.5,42.95,42.95,42.95,242749.0,104.38
2016-06-10,47.1,47.6,45.2,45.2,45.2,223065.0,101.89
2016-06-09,48.4,48.4,46.1,47.0,47.55,518719.0,247.72
2016-06-08,44.2,46.1,44.0,46.1,46.1,144963.0,65.4
2016-06-07,43.55,44.45,43.0,44.35,43.95,54926.0,24.25
2016-06-06,44.7,44.7,42.5,44.45,44.0,258228.0,112.33
2016-06-03,46.95,47.25,44.2,44.2,44.7,131634.0,60.23
2016-06-02,47.4,47.4,44.7,46.0,46.5,255552.0,118.23
2016-06-01,43.5,45.95,43.5,45.95,45.95,535358.0,244.08
2016-05-31,45.6,45.7,43.3,43.3,43.8,200770.0,89.65
2016-05-30,43.5,44.15,42.5,44.15,44.15,270691.0,118.53
2016-05-27,43.75,45.35,41.35,42.0,42.05,400899.0,173.2
2016-05-26,43.6,45.55,43.0,43.15,43.2,916468.0,396.5
2016-05-25,48.5,49.2,45.2,45.2,45.25,394267.0,181.19
2016-05-24,51.0,52.3,47.4,47.9,47.55,1001694.0,503.6
2016-05-23,48.0,49.85,47.5,49.85,49.85,841790.0,416.06
2016-05-20,49.65,49.8,47.5,47.5,47.5,1216935.0,584.82
2016-05-19,52.8,55.2,50.0,50.0,50.0,789053.0,412.62
2016-05-18,52.6,56.0,52.6,52.6,52.6,1076466.0,575.38
2016-05-17,55.5,56.4,55.35,55.35,55.35,633840.0,351.76
2016-05-16,59.0,61.95,56.05,56.05,58.25,2579012.0,1556.93
2016-05-13,62.2,62.2,57.2,58.25,59.0,1599893.0,944.14
2016-05-12,59.85,59.85,58.5,59.85,59.85,1419274.0,847.81
2016-05-11,57.0,57.0,55.2,57.0,57.0,1960555.0,1114.72
2016-05-10,54.3,54.3,51.65,54.3,54.3,1973979.0,1066.09
2016-05-09,49.4,49.4,49.4,49.4,49.4,183693.0,90.74
2016-05-06,40.6,44.95,37.35,44.95,44.95,1401968.0,604.97
2016-05-05,43.9,44.95,40.4,40.5,40.9,457839.0,192.8
2016-05-04,45.4,45.75,43.0,44.0,43.85,398299.0,177.33
2016-05-03,44.5,46.75,44.0,45.25,45.4,701407.0,320.79
2016-05-02,46.8,47.4,41.3,45.1,45.25,2398134.0,1077.65
2016-04-29,45.15,45.15,45.15,45.15,45.15,344091.0,155.36
2016-04-28,36.7,41.05,35.1,41.05,41.05,2804774.0,1133.53
2016-04-27,34.3,37.4,32.6,37.4,37.35,3812971.0,1382.22
2016-04-26,25.85,31.2,25.7,31.2,31.2,2065905.0,616.5
2016-04-25,25.95,26.3,25.6,26.15,26.0,34395.0,8.92
2016-04-22,26.25,26.4,25.75,25.85,25.95,62592.0,16.32
2016-04-21,27.4,27.5,26.0,26.15,26.2,84674.0,22.57
2016-04-20,26.15,26.8,25.85,26.6,26.55,168549.0,44.43
2016-04-18,26.3,26.55,25.05,25.85,25.8,161597.0,41.74
2016-04-13,26.2,26.35,25.55,25.8,25.95,160787.0,41.74
2016-04-12,25.35,26.7,24.55,25.7,25.75,313958.0,80.44
2016-04-11,25.6,25.6,24.1,25.0,24.85,222956.0,55.21
2016-04-08,26.6,26.8,24.7,25.0,24.95,350089.0,88.72
2016-04-07,26.2,27.95,25.75,26.6,26.65,2524789.0,681.89
2016-04-06,24.35,24.4,23.25,23.9,23.6,41699.0,9.91
2016-04-05,24.45,24.45,23.2,23.9,23.85,56184.0,13.37
2016-04-04,25.55,25.55,24.05,24.4,24.3,74216.0,18.28
2016-04-01,24.7,25.45,24.45,25.2,25.15,46644.0,11.72
2016-03-31,26.8,26.8,24.55,24.95,24.9,316658.0,80.19
2016-03-30,23.05,27.0,23.05,26.7,26.8,4901497.0,1190.36
2016-03-29,24.05,24.75,21.9,22.75,22.5,161866.0,36.79
2016-03-28,25.5,26.55,23.9,24.0,24.05,123664.0,30.58
2016-03-23,24.7,25.6,24.7,25.5,25.35,33657.0,8.54
2016-03-22,25.25,25.6,24.8,24.95,25.0,43164.0,10.82
2016-03-21,25.45,25.9,25.0,25.15,25.3,71326.0,18.18
2016-03-18,24.7,25.3,24.5,25.1,25.0,60528.0,15.07
2016-03-17,25.1,25.9,24.5,24.8,24.85,62134.0,15.63
2016-03-16,24.55,24.95,24.05,24.65,24.65,69892.0,17.1
2016-03-15,24.6,25.0,24.3,24.5,24.5,24172.0,5.96
2016-03-14,25.25,25.3,24.3,24.35,24.45,44300.0,10.99
2016-03-11,25.4,25.45,24.5,24.95,24.85,44280.0,11.03
2016-03-10,24.5,25.6,24.4,25.0,25.15,44765.0,11.24
2016-03-09,25.65,26.15,24.75,24.9,25.0,139989.0,35.15
2016-03-08,24.9,26.7,24.6,25.9,25.95,89743.0,23.0
2016-03-04,25.55,26.0,24.9,24.95,25.0,103361.0,25.96
2016-03-03,25.2,25.7,24.95,25.6,25.5,55756.0,14.13
2016-03-02,27.6,27.85,24.8,24.85,24.9,305684.0,78.86
2016-03-01,25.8,26.75,25.1,26.5,26.55,107538.0,28.23
2016-02-29,25.35,26.8,23.8,24.8,25.0,55213.0,13.77
2016-02-26,24.65,25.65,23.9,24.1,24.1,34979.0,8.5
2016-02-25,25.8,25.8,24.5,24.75,24.75,36156.0,9.06
2016-02-24,25.75,26.1,25.05,25.45,25.2,28539.0,7.29
2016-02-23,26.55,26.6,25.7,26.0,25.95,23273.0,6.04
2016-02-22,26.45,26.9,25.6,26.15,26.3,39377.0,10.38
2016-02-19,27.35,27.35,25.2,25.6,25.65,77530.0,20.19
2016-02-18,27.75,27.9,26.5,26.75,26.9,18524.0,5.01
2016-02-17,28.0,28.0,26.1,26.85,27.15,32278.0,8.68
2016-02-16,28.0,28.25,26.55,27.3,27.0,42989.0,11.8
2016-02-15,27.0,28.9,26.9,27.0,27.8,60079.0,16.87
2016-02-12,31.55,31.55,25.5,26.25,26.35,137609.0,37.05
2016-02-11,35.0,35.45,28.0,29.9,29.3,123359.0,38.57
2016-02-10,34.1,35.5,33.4,35.0,34.8,35047.0,12.02
2016-02-09,34.0,35.8,34.0,34.35,34.75,31420.0,10.96
2016-02-08,34.65,35.3,34.05,34.25,34.3,20103.0,6.99
2016-02-05,33.85,35.25,33.55,34.9,34.85,66312.0,23.0
2016-02-04,34.75,35.95,34.0,34.0,34.25,30016.0,10.43
2016-02-03,35.5,35.5,34.3,34.55,34.55,33695.0,11.73
2016-02-02,36.65,36.95,35.6,36.2,36.0,17668.0,6.42
2016-02-01,37.05,37.9,36.55,36.65,36.75,26460.0,9.81
2016-01-29,37.05,37.7,36.4,36.8,37.0,40285.0,14.91
2016-01-28,36.2,37.0,36.15,36.6,36.65,31273.0,11.47
2016-01-27,37.8,37.8,36.0,36.2,36.45,56482.0,20.76
2016-01-25,35.65,39.3,35.35,37.95,37.6,74635.0,27.33
2016-01-22,34.5,35.55,33.5,35.0,35.05,91977.0,32.0
2016-01-21,34.25,34.8,33.0,33.4,33.25,89848.0,30.05
2016-01-20,33.2,33.3,32.4,32.9,33.0,93281.0,30.69
2016-01-19,34.45,35.3,32.5,34.0,34.0,127621.0,43.48
2016-01-18,33.45,34.9,33.0,33.6,33.45,52176.0,17.65
2016-01-15,38.5,38.5,33.5,35.1,34.9,103612.0,37.44
2016-01-14,37.5,38.3,36.1,37.8,37.6,59104.0,22.2
2016-01-13,40.2,40.8,37.1,38.25,38.55,108857.0,42.06
2016-01-12,40.65,41.75,39.4,39.8,39.6,108438.0,43.65
2016-01-11,39.95,41.8,39.6,40.5,40.45,127899.0,52.18
2016-01-08,40.4,41.15,39.0,40.7,40.6,132082.0,53.41
2016-01-07,39.95,40.85,38.7,39.35,39.35,279546.0,111.68
2016-01-06,43.45,43.65,39.6,40.25,40.1,1046084.0,430.75
2016-01-05,43.45,44.0,42.6,43.1,43.15,96426.0,41.83
2016-01-04,44.5,45.0,43.1,43.55,43.45,77065.0,33.84
2016-01-01,43.65,45.5,43.1,44.5,44.5,102873.0,45.85
2015-12-31,43.55,44.0,43.2,43.55,43.6,43045.0,18.85
2015-12-30,44.15,44.7,43.2,43.45,43.5,78420.0,34.54
2015-12-29,44.25,45.65,43.25,43.85,44.05,187770.0,83.02
2015-12-28,45.1,45.7,44.1,44.4,44.5,120723.0,53.95
2015-12-24,44.4,45.7,43.1,44.9,45.1,234383.0,103.97
2015-12-23,45.8,46.45,43.4,43.75,43.7,332484.0,148.45
2015-12-22,45.4,47.3,45.05,45.5,45.4,550022.0,253.45
2015-12-21,43.75,46.4,42.8,45.0,45.15,783358.0,349.74
2015-12-18,42.55,45.7,41.9,43.75,43.55,1163418.0,505.97
2015-12-17,40.85,42.85,40.5,42.65,42.55,421610.0,178.22
2015-12-16,39.0,42.0,38.9,40.25,40.05,383103.0,155.69
2015-12-15,40.45,40.45,38.5,39.0,39.15,95901.0,37.47
2015-12-14,40.0,40.4,38.1,40.0,39.7,375541.0,146.77
2015-12-11,39.45,39.8,37.8,38.5,38.2,80193.0,30.84
2015-12-10,37.35,39.5,36.8,39.4,38.8,84195.0,32.2
2015-12-09,38.9,38.9,36.5,36.95,36.8,121689.0,45.57
2015-12-08,40.25,40.25,38.0,38.25,38.3,146346.0,57.14
2015-12-07,42.5,43.2,39.8,40.2,40.05,349194.0,142.3
2015-12-04,39.6,42.8,39.6,41.55,41.45,279458.0,115.46
2015-12-03,42.55,44.0,39.8,40.1,40.1,548941.0,226.85
2015-12-02,40.0,44.7,39.1,42.4,42.25,490478.0,207.58
2015-12-01,42.7,43.4,39.6,39.8,40.0,700658.0,282.78
2015-11-30,42.8,47.5,40.0,42.0,42.0,1861013.0,813.78
2015-11-27,36.25,41.8,36.0,40.75,40.35,280198.0,112.11
2015-11-26,35.45,36.75,34.8,36.5,36.5,71880.0,25.65
2015-11-24,36.0,36.0,35.0,35.6,35.45,85851.0,30.67
2015-11-23,36.45,36.65,35.6,35.8,35.7,22890.0,8.26
2015-11-20,35.5,36.5,35.35,36.2,36.2,46185.0,16.64
2015-11-19,36.0,36.8,35.0,35.35,35.25,48668.0,17.44
2015-11-18,33.7,37.35,33.05,35.65,35.85,110504.0,39.76
2015-11-17,34.15,34.65,33.5,33.75,33.7,31845.0,10.81
2015-11-16,33.1,34.9,33.05,33.8,33.95,43991.0,14.95
2015-11-13,33.65,34.55,33.05,33.15,33.35,31493.0,10.56
2015-11-11,33.95,34.1,32.3,34.1,33.7,37886.0,12.58
2015-11-10,35.15,36.0,33.5,34.15,33.95,47936.0,16.67
2015-11-09,35.5,36.9,31.0,36.1,35.75,48680.0,17.14
2015-11-06,37.0,37.2,36.45,36.6,36.6,36020.0,13.26
2015-11-05,38.0,38.0,36.4,37.0,36.9,28713.0,10.65
2015-11-04,38.1,38.25,37.5,37.8,37.7,14711.0,5.55
2015-11-03,38.45,38.8,37.45,37.7,37.7,26369.0,10.04
2015-11-02,38.15,38.75,37.2,37.9,37.9,24915.0,9.44
2015-10-30,38.5,39.2,37.8,38.2,37.9,22141.0,8.48
2015-10-29,38.6,39.0,37.85,37.9,38.15,22834.0,8.77
2015-10-28,39.1,39.5,38.3,38.5,38.55,16270.0,6.29
2015-10-27,39.2,39.8,38.8,38.9,38.95,28098.0,10.97
2015-10-26,40.4,40.55,39.1,39.7,39.6,32975.0,13.05
2015-10-23,40.2,41.05,39.3,39.7,39.45,26752.0,10.75
2015-10-21,40.65,40.9,39.0,40.8,40.5,55473.0,22.26
2015-10-20,41.6,41.6,40.5,40.6,40.75,40162.0,16.45
2015-10-19,40.9,42.45,40.3,40.5,40.75,90610.0,37.27
2015-10-16,38.95,41.8,38.75,40.0,40.05,108142.0,43.71
2015-10-15,39.35,40.3,38.65,39.1,38.95,44188.0,17.38
2015-10-14,39.45,40.5,39.1,39.1,39.25,30664.0,12.12
2015-10-13,40.65,40.95,39.0,39.75,39.8,30495.0,12.15
2015-10-12,39.9,41.1,39.3,40.35,40.2,44851.0,18.06
2015-10-09,40.2,42.0,39.2,39.9,40.1,39241.0,15.95
2015-10-08,40.0,42.0,40.0,40.35,40.85,92015.0,37.84
2015-10-07,39.25,40.5,38.75,40.3,40.1,98668.0,39.5
2015-10-06,39.35,40.0,38.6,38.6,38.7,26663.0,10.41
2015-10-05,39.1,40.5,38.7,39.0,39.05,55702.0,21.83
2015-10-01,38.55,40.35,37.65,38.65,38.7,42697.0,16.66
2015-09-30,38.55,39.15,37.8,37.8,38.05,34501.0,13.2
2015-09-29,38.2,39.95,37.55,38.7,38.7,26069.0,10.08
2015-09-28,37.8,40.0,37.8,39.0,39.0,61807.0,24.09
2015-09-24,38.05,38.8,37.2,38.5,38.2,25950.0,9.9
2015-09-23,38.0,39.0,37.4,38.75,38.6,16101.0,6.19
2015-09-22,39.05,40.3,38.2,38.2,38.55,36900.0,14.47
2015-09-21,38.05,40.0,37.5,39.6,39.55,43482.0,16.95
2015-09-18,38.15,39.0,37.6,38.6,38.65,28795.0,11.09
2015-09-16,39.4,39.4,38.0,38.2,38.25,23117.0,8.87
2015-09-15,37.95,39.3,37.2,38.3,38.3,37419.0,14.31
2015-09-14,38.0,38.25,37.15,37.95,37.65,47341.0,17.85
2015-09-11,38.0,38.95,37.2,37.65,37.7,77557.0,29.48
2015-09-10,38.6,39.0,37.6,37.9,37.95,61156.0,23.28
2015-09-09,40.0,41.0,38.5,39.1,39.05,58628.0,23.15
2015-09-08,39.05,39.4,37.7,39.4,38.95,30462.0,11.71
2015-09-07,40.0,40.05,38.05,38.8,38.7,39230.0,15.36
2015-09-04,40.95,40.95,38.1,38.9,38.75,66783.0,26.12
2015-09-03,40.65,42.1,40.65,41.0,41.4,59237.0,24.48
2015-09-02,42.8,42.8,40.2,40.8,41.2,68488.0,28.29
2015-09-01,43.0,46.6,40.5,42.0,41.45,392067.0,172.05
2015-08-31,39.8,46.15,39.8,44.15,44.2,234125.0,102.53
2015-08-28,39.95,41.5,38.7,41.0,40.9,133566.0,53.6
2015-08-27,38.9,39.2,37.3,38.25,38.4,41553.0,15.89
2015-08-26,37.7,38.7,36.5,37.5,37.5,48316.0,18.2
2015-08-25,38.45,38.5,33.1,38.0,37.6,111530.0,40.16
2015-08-24,39.0,39.0,36.2,37.5,36.75,75749.0,28.37
2015-08-21,40.0,40.0,38.8,40.0,39.95,70042.0,27.77
2015-08-20,40.3,42.5,39.6,40.0,39.95,130563.0,52.83
2015-08-19,41.2,42.3,40.15,40.35,40.5,106369.0,43.48
2015-08-18,42.65,43.5,40.9,41.5,41.2,94319.0,39.53
2015-08-17,44.5,44.5,41.8,42.15,42.05,59786.0,25.3
2015-08-14,45.45,50.5,43.0,43.8,43.35,103034.0,46.22
2015-08-13,44.25,45.3,41.7,44.0,43.4,111860.0,48.62
2015-08-12,47.5,47.75,43.2,43.2,43.85,145446.0,65.24
2015-08-11,47.75,49.9,46.5,47.25,47.35,321337.0,154.88
2015-08-10,44.9,52.1,44.9,46.7,46.55,796078.0,387.53
2015-08-07,41.2,44.7,41.0,44.2,44.0,286293.0,123.98
2015-08-06,40.15,42.0,39.8,40.65,40.8,127504.0,51.96
2015-08-05,39.5,40.8,39.5,39.8,40.0,83455.0,33.45
2015-08-04,39.4,40.7,39.4,39.7,39.8,65318.0,26.05
2015-08-03,39.35,41.25,39.25,40.0,40.05,92430.0,37.09
2015-07-31,40.5,41.8,39.35,40.0,39.65,57156.0,23.17
2015-07-30,39.3,41.65,39.15,40.7,40.85,111607.0,44.93
2015-07-29,40.4,40.8,38.8,39.5,39.05,54697.0,21.61
2015-07-28,40.55,41.75,39.1,39.8,39.65,56287.0,22.5
2015-07-27,39.25,43.0,38.55,41.1,40.25,103990.0,41.99
2015-07-24,40.75,40.8,39.1,39.75,39.5,92353.0,36.84
2015-07-23,41.4,41.95,40.35,41.0,40.6,75966.0,31.09
2015-07-22,41.55,42.1,40.8,41.0,41.05,75248.0,31.06
2015-07-21,43.0,43.3,41.25,41.35,41.45,55721.0,23.43
2015-07-20,42.35,43.8,41.65,42.1,42.15,98899.0,41.93
2015-07-17,42.9,43.45,42.15,42.4,42.55,93736.0,39.95
2015-07-16,42.85,43.8,42.5,43.4,43.4,80465.0,34.61
2015-07-15,42.8,44.5,42.65,42.65,43.05,71831.0,31.06
2015-07-14,44.8,46.0,43.5,43.75,44.0,78136.0,34.58
2015-07-13,48.0,48.0,44.0,44.4,44.3,141130.0,63.86
2015-07-10,41.55,45.4,40.3,44.3,44.15,522508.0,233.3
2015-07-09,42.3,43.0,41.1,41.1,41.3,55439.0,23.27
2015-07-08,41.85,43.75,41.8,42.05,42.05,54989.0,23.17
2015-07-07,42.2,43.9,42.2,42.8,42.75,76682.0,32.97
2015-07-06,42.0,42.75,40.35,42.0,42.2,52079.0,21.8
2015-07-03,42.5,44.6,42.35,42.45,42.6,75940.0,32.97
2015-07-02,45.2,45.8,42.15,42.15,42.3,86226.0,37.81
2015-07-01,42.9,44.35,42.05,44.35,44.35,55794.0,24.6
2015-06-30,42.55,42.8,41.45,42.2,42.25,23879.0,10.05
2015-06-29,42.15,43.7,41.8,42.0,42.05,64403.0,27.38
2015-06-26,43.0,44.2,42.25,44.0,43.85,56975.0,24.65
2015-06-25,43.6,44.55,43.0,43.1,43.2,60772.0,26.52
2015-06-24,46.65,47.0,43.6,43.65,44.45,75778.0,34.43
2015-06-23,44.5,46.65,43.2,45.15,45.7,133887.0,60.37
2015-06-22,43.6,46.4,43.0,44.3,44.45,109555.0,48.38
2015-06-19,43.45,44.35,41.6,44.35,44.35,206693.0,90.42
2015-06-18,39.75,42.25,39.7,42.25,42.25,61458.0,25.58
2015-06-17,40.0,40.9,39.25,39.85,40.25,60008.0,24.0
2015-06-16,39.1,40.85,38.05,40.5,40.15,61554.0,24.45
2015-06-15,41.0,41.3,39.2,39.2,39.45,87560.0,34.78
2015-06-12,43.0,43.5,41.25,41.25,41.25,34783.0,14.49
2015-06-11,46.0,46.0,43.4,43.4,43.4,53034.0,23.18
2015-06-10,46.6,47.5,43.6,45.5,45.65,138670.0,62.32
2015-06-09,43.8,45.8,43.8,45.8,45.8,163255.0,74.13
2015-06-08,43.0,43.65,41.5,43.65,43.65,227925.0,99.07
2015-06-05,40.0,41.6,39.75,41.6,41.6,45047.0,18.64
2015-06-04,37.85,39.65,37.8,39.65,39.65,160548.0,62.64
2015-06-03,36.45,39.5,36.45,37.85,37.8,356037.0,132.25
2015-06-02,42.5,42.5,40.5,40.5,40.5,131675.0,53.94
2015-06-01,45.0,46.85,45.0,45.0,45.0,291705.0,131.34
2015-05-29,47.55,51.25,47.3,49.6,49.95,95554.0,47.12
2015-05-28,48.05,49.6,47.2,47.6,47.85,30919.0,14.96
2015-05-27,49.25,50.25,48.15,48.15,48.6,41075.0,20.26
2015-05-26,49.0,50.0,47.6,50.0,49.2,126344.0,61.7
2015-05-25,47.65,49.4,46.4,48.0,48.3,60803.0,29.01
2015-05-22,48.0,48.4,46.55,46.85,46.75,42978.0,20.35
2015-05-21,48.8,48.8,46.75,47.3,47.35,34171.0,16.34
2015-05-20,49.0,50.5,48.2,48.5,48.4,101276.0,49.99
2015-05-19,46.15,49.65,46.1,49.15,49.05,102933.0,50.0
2015-05-18,47.95,48.8,46.75,46.9,47.35,57947.0,27.49
2015-05-15,48.65,50.0,45.5,47.9,46.6,103977.0,49.76
2015-05-14,48.3,49.75,47.95,49.4,49.3,92343.0,45.14
2015-05-13,46.05,48.65,46.05,48.05,48.0,95309.0,45.64
2015-05-12,47.45,48.75,45.65,47.15,46.85,59632.0,27.86
2015-05-11,50.9,50.9,45.4,47.55,47.35,125120.0,59.39
2015-05-08,47.35,49.9,47.0,48.0,48.1,80805.0,39.19
2015-05-07,47.5,49.8,46.1,46.6,46.45,108071.0,51.07
2015-05-06,54.0,54.8,47.8,47.8,48.0,182668.0,91.24
2015-05-05,49.5,53.1,48.35,53.1,53.1,376708.0,198.57
2015-05-04,45.5,48.75,43.2,48.75,48.3,62368.0,28.61
2015-04-30,44.15,44.85,42.85,44.5,44.35,57343.0,25.26
2015-04-29,44.1,45.8,43.4,44.4,44.6,88774.0,39.62
2015-04-28,43.5,45.0,41.95,43.8,43.95,85397.0,37.08
2015-04-27,44.65,46.0,43.65,44.55,44.15,80553.0,35.76
2015-04-24,47.0,47.95,45.3,45.35,45.65,118667.0,54.66
2015-04-23,48.9,49.9,47.0,47.25,47.25,64253.0,31.19
2015-04-22,48.95,50.65,47.15,49.15,48.9,94236.0,45.93
2015-04-21,49.1,51.85,49.1,49.6,49.6,63417.0,31.91
2015-04-20,52.35,52.95,49.65,50.3,50.5,71112.0,35.92
2015-04-17,52.75,55.15,52.2,52.2,52.25,98886.0,52.25
2015-04-16,57.5,57.5,54.8,54.8,54.9,123637.0,68.44
2015-04-15,58.0,60.2,56.7,56.7,57.65,421100.0,247.78
2015-04-13,56.8,57.35,55.4,57.35,57.35,353497.0,201.82
2015-04-10,53.8,54.65,50.5,54.65,54.65,237279.0,125.49
2015-04-09,50.4,52.05,50.05,52.05,52.05,225299.0,115.59
2015-04-08,47.0,49.6,47.0,49.6,49.6,251852.0,124.21
2015-04-07,45.9,47.5,43.35,47.5,47.25,244126.0,113.23
2015-04-06,47.25,47.25,44.45,45.2,45.25,138139.0,62.78
2015-04-01,44.9,45.95,43.3,45.5,45.55,126085.0,56.78
2015-03-31,47.15,47.15,43.65,44.0,44.0,264521.0,118.83
2015-03-30,43.9,45.85,43.9,45.85,45.85,364231.0,165.94
2015-03-27,44.95,46.3,43.05,43.8,43.7,101504.0,45.18
2015-03-26,43.9,46.35,42.3,44.4,44.9,267381.0,119.62
2015-03-25,45.5,46.75,44.25,44.25,44.25,279417.0,124.32
2015-03-24,49.0,50.7,46.55,46.55,46.55,304764.0,144.67
2015-03-23,51.55,53.9,48.6,48.6,49.0,256859.0,128.73
2015-03-20,57.8,58.65,52.2,52.3,52.5,335013.0,181.33
2015-03-19,62.75,63.6,57.05,57.7,57.5,921795.0,542.6
2015-03-18,58.0,63.95,57.1,62.0,62.3,2218274.0,1381.34
2015-03-17,48.05,54.35,48.05,54.35,54.35,1439165.0,747.47
2015-03-16,38.35,45.3,37.0,45.3,45.3,963946.0,414.55
2015-03-13,40.85,42.1,37.25,38.25,37.75,186976.0,73.53
2015-03-12,40.15,41.7,40.15,41.25,41.05,108860.0,44.71
2015-03-11,42.25,42.3,40.0,40.1,40.9,170339.0,70.59
2015-03-10,43.0,43.5,41.55,41.8,41.65,168722.0,71.3
2015-03-09,44.1,44.4,42.2,42.4,42.8,122074.0,52.53
2015-03-05,45.25,45.55,43.5,44.1,44.0,168923.0,74.61
2015-03-04,44.65,47.9,44.55,45.0,45.1,394348.0,182.92
2015-03-03,53.65,53.65,41.85,45.1,44.8,1060506.0,477.4
2015-03-02,55.0,55.05,51.5,52.6,52.3,101583.0,53.48
2015-02-28,54.85,55.65,52.8,52.8,53.15,165746.0,90.32
2015-02-27,55.75,55.75,52.65,53.8,53.65,115669.0,62.63
2015-02-26,54.6,55.8,53.55,53.6,53.95,140536.0,76.46
2015-02-25,59.35,59.35,53.3,53.65,53.85,175122.0,97.63
2015-02-24,60.0,60.0,57.15,57.85,57.95,118920.0,69.14
2015-02-23,59.7,61.7,58.75,59.3,59.65,98889.0,59.48
2015-02-20,59.5,60.9,57.0,58.8,58.95,106454.0,63.06
2015-02-19,57.5,59.5,57.4,58.4,59.0,152079.0,89.03
2015-02-18,55.15,58.9,55.15,57.5,56.85,143077.0,82.08
2015-02-16,59.9,59.9,54.5,55.85,55.9,361438.0,202.35
2015-02-13,65.95,66.0,63.05,63.05,63.35,93765.0,60.28
2015-02-12,61.5,66.85,61.5,63.5,63.85,97604.0,62.54
2015-02-11,59.5,61.95,58.0,61.05,61.35,97673.0,58.36
2015-02-10,60.2,60.8,56.65,58.0,57.85,86543.0,50.37
2015-02-09,62.1,62.45,57.25,57.5,58.1,114355.0,68.51
2015-02-06,64.15,67.9,62.0,62.2,63.85,115435.0,74.92
2015-02-05,69.0,69.9,64.1,65.55,65.1,108664.0,73.54
2015-02-04,73.0,73.0,68.9,69.2,69.35,68676.0,48.74
2015-02-03,73.65,73.9,70.75,71.6,71.5,74199.0,53.97
2015-02-02,72.5,74.0,70.5,72.5,72.15,74778.0,54.32
2015-01-30,73.25,73.85,71.5,71.5,71.75,61075.0,44.36
2015-01-29,71.0,73.0,71.0,71.55,72.2,54365.0,39.35
2015-01-28,73.35,74.55,72.0,72.05,72.1,94761.0,69.06
2015-01-27,74.0,75.65,72.8,73.15,73.45,65703.0,48.81
2015-01-23,77.4,78.25,72.0,74.0,73.65,108667.0,80.68
2015-01-22,77.95,78.0,75.05,75.75,75.6,75015.0,57.46
2015-01-21,78.95,79.5,76.5,76.5,76.85,116051.0,90.52
2015-01-20,74.85,81.25,74.7,78.15,78.05,269231.0,211.94
2015-01-19,74.1,75.0,72.8,74.55,73.9,128638.0,95.09
2015-01-16,72.7,74.0,71.6,72.5,72.75,74975.0,54.67
2015-01-15,74.8,74.85,71.5,72.0,72.45,77433.0,56.72
2015-01-14,74.0,74.75,72.0,72.4,72.2,122317.0,89.95
2015-01-13,75.95,76.35,73.7,74.2,74.35,120761.0,90.23
2015-01-12,72.75,75.2,71.95,73.45,73.65,68827.0,51.13
2015-01-09,77.05,77.8,72.6,72.65,72.9,112154.0,83.23
2015-01-08,78.1,79.15,75.6,76.0,76.0,141425.0,109.79
2015-01-07,75.1,77.45,73.0,76.45,76.1,165349.0,124.89
2015-01-06,77.0,78.0,72.5,75.0,74.7,183786.0,139.26
2015-01-05,79.45,82.2,76.0,79.7,79.45,474793.0,380.4
2015-01-02,70.05,74.8,70.0,74.8,74.8,238645.0,173.16
2015-01-01,65.5,68.0,64.5,68.0,68.0,109160.0,72.75
2014-12-31,64.5,65.8,64.1,64.45,64.8,86924.0,56.43
2014-12-30,66.05,66.8,64.55,65.0,65.2,70405.0,46.2
2014-12-29,66.95,67.25,65.35,65.7,65.8,65611.0,43.67
2014-12-26,67.15,69.7,66.0,66.7,66.6,91109.0,61.66
2014-12-24,67.05,70.0,65.0,66.85,67.15,110581.0,74.16
2014-12-23,69.3,70.65,67.0,67.2,67.45,134310.0,92.34
2014-12-22,71.25,72.2,66.75,68.75,69.3,295611.0,201.59
2014-12-19,70.45,71.65,69.45,69.7,70.25,484893.0,344.61
2014-12-18,68.25,68.25,66.4,68.25,68.25,424492.0,288.97
2014-12-17,63.6,65.0,62.0,65.0,65.0,448565.0,286.84
2014-12-16,57.05,62.15,56.25,62.15,61.95,812570.0,485.88
2014-12-15,62.1,63.0,57.55,58.5,59.2,681227.0,405.17
2014-12-12,66.0,67.1,61.65,63.05,62.55,833216.0,541.62
2014-12-11,64.0,69.75,63.2,64.5,65.25,1785430.0,1189.54
2014-12-10,75.0,79.9,69.15,69.15,69.15,1041396.0,739.38
2014-12-09,95.8,99.75,76.8,76.8,76.8,2030659.0,1766.04
2014-12-08,112.35,112.45,89.2,95.8,96.0,1606301.0,1557.8
2014-12-05,115.25,117.5,109.55,110.15,110.55,339649.0,383.14
2014-12-04,117.55,118.3,114.05,114.5,114.6,166921.0,193.08
2014-12-03,115.2,117.9,115.2,116.0,115.8,150993.0,175.81
2014-12-02,116.1,120.0,115.2,115.25,115.65,218235.0,257.27
2014-12-01,119.5,121.55,116.3,116.4,117.3,90168.0,106.35
2014-11-28,123.0,125.1,119.2,120.35,119.95,165022.0,201.39
2014-11-27,122.4,126.6,122.4,123.6,123.6,47673.0,59.14
2014-11-26,123.85,125.5,122.2,123.8,123.6,74841.0,92.66
2014-11-25,128.55,129.0,122.0,123.75,123.85,131797.0,163.69
2014-11-24,128.6,132.5,128.0,129.25,129.2,80622.0,105.11
2014-11-21,128.65,132.0,127.7,128.65,128.8,137272.0,177.98
2014-11-20,132.75,132.9,128.0,129.8,129.8,107534.0,140.08
2014-11-19,134.35,138.9,131.5,131.9,132.2,297098.0,403.55
2014-11-18,131.8,137.9,131.8,134.2,134.3,224064.0,303.53
2014-11-17,134.7,135.8,130.1,131.0,131.45,219461.0,292.96
2014-11-14,135.2,136.95,133.05,134.95,133.9,114220.0,153.84
2014-11-13,141.3,141.65,133.0,134.65,134.4,243154.0,334.34
2014-11-12,134.2,143.85,134.2,141.2,140.4,1080643.0,1518.74
2014-11-11,131.6,138.0,130.25,135.3,134.2,521645.0,704.29
2014-11-10,124.05,134.5,123.7,130.6,130.35,256774.0,333.16
2014-11-07,127.55,128.5,122.6,122.9,124.0,111063.0,139.2
2014-11-05,131.5,131.5,127.0,127.25,127.4,89686.0,115.54
2014-11-03,128.0,132.7,127.9,130.75,130.95,270789.0,353.72
2014-10-31,126.95,131.55,125.25,126.2,126.25,227465.0,293.17
2014-10-30,126.75,126.9,124.15,125.0,125.75,90327.0,113.02
2014-10-29,127.5,128.75,125.45,126.25,126.25,73132.0,92.69
2014-10-28,126.75,129.45,125.15,126.25,126.55,88262.0,112.27
2014-10-27,129.8,130.0,125.3,127.85,127.8,176500.0,225.44
2014-10-23,125.0,129.0,125.0,127.65,127.7,168673.0,214.19
2014-10-22,120.0,124.45,118.1,122.75,123.25,107601.0,131.32
2014-10-21,120.0,121.7,118.05,119.0,118.95,87924.0,105.0
2014-10-20,119.0,122.9,117.1,119.0,118.3,107080.0,128.47
2014-10-17,116.0,118.0,111.2,116.05,116.75,177158.0,204.76
2014-10-16,122.1,124.0,113.6,114.0,114.7,182772.0,217.09
2014-10-14,126.4,127.0,121.5,123.05,122.9,251899.0,311.89
2014-10-13,123.25,133.0,123.0,126.1,125.7,1219797.0,1561.29
2014-10-10,120.0,122.5,113.5,116.0,115.25,108799.0,129.12
2014-10-09,118.8,121.8,118.7,120.15,120.3,66088.0,79.42
2014-10-08,118.0,119.15,115.1,117.2,116.5,60043.0,70.35
2014-10-07,119.95,123.8,117.55,117.8,118.0,100553.0,121.09
2014-10-01,115.4,120.0,113.0,118.5,119.0,72700.0,85.18
2014-09-30,117.0,118.9,113.3,114.0,115.4,86387.0,100.55
2014-09-29,114.95,119.8,111.7,116.2,116.5,149098.0,173.08
2014-09-26,108.35,115.55,106.6,112.7,113.4,190839.0,211.14
2014-09-25,117.05,118.9,108.0,111.25,111.25,128147.0,143.61
2014-09-24,121.0,122.9,116.1,117.35,117.6,85398.0,101.79
2014-09-23,128.45,129.0,120.0,120.55,121.25,118085.0,147.02
2014-09-22,125.0,130.1,123.35,127.15,127.55,113681.0,144.52
2014-09-19,127.25,130.45,124.65,125.9,125.7,85505.0,109.13
2014-09-18,124.8,132.0,122.25,127.5,127.25,262972.0,338.72
2014-09-17,124.1,128.0,121.5,123.1,124.65,180179.0,224.94
2014-09-16,135.95,139.1,120.1,123.95,123.5,302579.0,398.44
2014-09-15,129.0,137.9,128.55,135.15,135.2,346502.0,465.25
2014-09-12,132.4,135.55,129.1,131.0,130.85,330124.0,437.43
2014-09-11,133.5,136.75,127.5,131.1,131.75,496864.0,659.86
2014-09-10,122.3,133.7,118.65,131.95,131.95,1375561.0,1793.52
2014-09-09,117.3,123.35,114.0,122.35,122.05,255620.0,305.81
2014-09-08,117.4,119.7,116.7,117.75,117.95,90855.0,107.6
2014-09-05,116.0,119.5,113.5,115.2,116.0,133904.0,156.85
2014-09-04,118.6,119.85,113.8,116.85,117.0,107067.0,124.78
2014-09-03,119.25,122.9,119.25,119.8,119.75,133001.0,160.94
2014-09-02,120.5,123.3,119.0,119.3,119.45,95234.0,115.13
2014-09-01,121.8,122.7,119.1,120.5,120.4,126560.0,153.02
2014-08-28,118.5,123.4,118.3,119.5,119.3,277166.0,336.0
2014-08-27,117.1,121.25,115.7,118.6,118.5,187514.0,223.13
2014-08-26,119.2,121.45,115.2,116.0,115.9,121748.0,143.52
2014-08-25,124.45,128.3,118.0,119.5,119.2,617377.0,768.52
2014-08-22,111.85,126.0,110.5,122.5,122.85,1468159.0,1774.24
2014-08-21,113.45,113.7,110.05,110.35,110.5,73823.0,82.55
2014-08-20,113.5,114.9,112.0,112.05,112.7,53869.0,60.98
2014-08-19,114.65,115.7,112.0,112.5,112.5,48602.0,55.11
2014-08-18,112.3,115.45,112.3,114.05,114.05,68304.0,77.88
2014-08-14,114.2,114.2,109.55,110.6,111.15,87247.0,96.99
2014-08-13,115.25,116.0,110.55,111.1,111.5,73079.0,82.23
2014-08-12,118.0,119.0,112.6,114.1,113.6,91205.0,105.74
2014-08-11,111.55,119.0,111.1,115.7,115.0,168417.0,195.82
2014-08-08,113.8,115.0,109.0,109.0,110.05,82858.0,92.3
2014-08-07,118.5,119.8,114.5,115.0,115.2,69509.0,81.14
2014-08-06,114.5,119.7,114.3,116.9,116.95,142319.0,167.59
2014-08-05,110.5,117.0,110.15,114.5,114.7,68750.0,78.46
2014-08-04,113.95,115.05,110.55,111.55,111.95,73959.0,83.2
2014-08-01,113.6,117.0,111.5,112.0,112.7,259826.0,298.48
2014-07-31,109.2,116.9,109.2,115.7,115.35,104168.0,119.81
2014-07-30,112.9,114.4,108.85,110.05,110.3,56548.0,62.82
2014-07-28,116.95,116.95,112.55,114.05,114.05,61243.0,70.27
2014-07-25,115.0,117.0,107.8,115.0,115.9,170027.0,191.37
2014-07-24,114.5,115.6,112.75,114.4,114.1,54448.0,62.22
2014-07-23,117.95,118.7,112.0,115.0,114.65,96819.0,111.36
2014-07-22,121.6,124.4,115.4,117.25,116.85,229992.0,276.86
2014-07-21,114.55,121.5,114.55,120.2,120.3,121480.0,143.95
2014-07-18,117.85,117.85,113.7,114.6,114.45,81696.0,94.61
2014-07-17,111.5,119.8,111.4,117.75,118.55,434686.0,506.07
2014-07-16,110.55,114.0,110.0,113.5,112.5,72072.0,80.73
2014-07-15,111.8,114.0,107.8,112.15,111.35,71331.0,79.02
2014-07-14,108.9,112.0,107.0,109.65,108.7,83182.0,91.09
2014-07-11,108.55,117.4,103.2,108.0,106.2,322383.0,355.33
2014-07-10,105.15,118.0,102.7,109.5,109.6,283966.0,315.03
2014-07-09,108.8,112.0,97.75,105.0,105.0,193964.0,205.91
2014-07-08,121.0,122.4,107.0,108.25,108.3,220701.0,250.67
2014-07-07,125.0,126.35,120.9,121.25,121.65,116981.0,143.46
2014-07-04,122.95,126.3,119.7,125.4,125.1,192710.0,236.58
2014-07-03,126.65,127.75,121.5,122.4,122.25,134545.0,166.77
2014-07-02,125.75,130.75,122.9,125.35,125.6,406798.0,519.82
2014-07-01,116.4,128.5,113.55,125.0,124.55,1011806.0,1250.22
2014-06-30,115.85,118.5,114.2,115.75,115.75,104951.0,122.02
2014-06-27,112.65,117.5,111.4,113.55,113.95,290431.0,333.14
2014-06-26,109.0,111.3,108.0,110.9,109.65,86288.0,94.1
2014-06-25,110.5,110.75,107.0,110.0,109.85,99049.0,108.25
2014-06-24,109.8,112.0,108.05,110.0,109.65,122343.0,134.27
2014-06-23,107.0,108.5,104.25,108.4,107.25,98224.0,105.14
2014-06-20,105.05,108.15,103.2,105.0,105.05,67786.0,71.95
2014-06-19,108.2,109.5,105.15,105.9,106.05,57130.0,61.11
2014-06-18,110.45,113.0,105.0,107.0,106.95,96299.0,104.94
2014-06-17,103.4,112.0,103.4,110.45,109.6,123024.0,134.63
2014-06-16,109.9,109.9,102.0,103.95,104.4,122834.0,127.86
2014-06-13,113.3,117.0,104.0,108.95,108.15,171708.0,190.52
2014-06-12,116.15,117.35,113.1,114.0,113.75,90559.0,103.73
2014-06-11,119.0,121.7,114.75,115.5,116.15,296888.0,352.31
2014-06-10,121.5,122.0,111.95,116.65,115.8,163656.0,189.4
2014-06-09,119.1,123.25,119.0,119.35,119.8,167124.0,201.95
2014-06-06,120.0,124.25,117.0,118.0,117.95,247466.0,297.21
2014-06-05,122.95,123.35,116.4,119.9,119.75,274711.0,329.6
2014-06-04,116.7,124.5,116.7,122.1,122.15,343076.0,416.85
2014-06-03,108.0,119.0,108.0,116.1,116.2,897928.0,1031.14
2014-06-02,100.5,110.95,97.0,106.75,107.0,833308.0,896.65
2014-05-30,97.9,104.8,95.1,100.0,100.3,921897.0,923.49
2014-05-29,100.0,104.4,94.5,96.0,95.75,227455.0,222.09
2014-05-28,96.8,101.7,94.4,100.8,99.7,99101.0,97.04
2014-05-27,99.9,104.0,90.65,94.7,94.6,137436.0,131.35
2014-05-26,105.85,114.7,93.4,96.1,97.0,322599.0,344.3
2014-05-23,94.0,107.0,93.95,103.3,103.9,314922.0,321.2
2014-05-22,95.55,96.1,92.25,93.75,93.15,94726.0,89.66
2014-05-21,98.0,98.0,93.0,93.2,93.45,100188.0,94.46
2014-05-20,97.35,98.5,91.25,95.8,96.5,221770.0,212.45
2014-05-19,81.65,95.7,80.6,95.7,95.25,534543.0,488.42
2014-05-16,79.9,82.5,78.0,80.0,79.75,222961.0,179.89
2014-05-15,78.75,81.0,75.5,78.15,77.85,100125.0,78.25
2014-05-14,73.4,81.5,73.4,78.75,78.7,249020.0,196.65
2014-05-13,73.35,76.5,72.25,74.0,74.2,125916.0,94.44
2014-05-12,72.35,75.0,71.2,71.6,72.0,97311.0,71.35
2014-05-09,72.35,74.6,72.1,73.0,72.95,68439.0,50.18
2014-05-08,71.65,74.7,71.1,73.0,72.85,66792.0,48.68
2014-05-07,71.6,72.4,70.4,70.5,71.05,76656.0,54.7
2014-05-06,72.4,74.5,70.1,71.0,71.55,90762.0,64.84
2014-05-05,73.05,74.5,72.5,72.6,73.1,41004.0,30.08
2014-05-02,75.0,75.9,72.3,73.65,73.65,58384.0,43.14
2014-04-30,77.95,80.0,72.1,74.25,74.45,185326.0,141.52
2014-04-29,78.55,80.0,75.05,77.0,76.9,129928.0,101.34
2014-04-28,76.0,79.9,75.2,78.75,78.4,149527.0,117.6
2014-04-25,74.4,77.2,72.0,76.5,76.25,189048.0,143.99
2014-04-23,72.25,76.25,72.25,74.3,74.0,229236.0,170.49
2014-04-22,71.3,75.5,71.3,72.6,72.65,125238.0,92.25
2014-04-21,69.9,73.7,69.5,72.4,72.05,214718.0,155.06
2014-04-17,66.0,70.5,64.0,68.7,69.1,127775.0,87.23
2014-04-16,69.7,70.25,64.5,65.65,65.45,115411.0,77.24
2014-04-15,70.5,71.8,68.5,69.0,69.6,130389.0,91.22
2014-04-11,70.5,72.7,67.7,70.5,71.0,207657.0,147.75
2014-04-10,76.8,77.2,67.7,69.9,69.3,388164.0,277.01
2014-04-09,68.7,75.2,67.6,75.2,75.2,536349.0,392.02
2014-04-07,66.7,76.0,65.5,67.7,68.4,1194073.0,849.68
2014-04-04,54.5,65.6,54.5,65.6,64.6,588794.0,365.6
2014-04-03,55.8,57.0,53.3,54.5,54.7,154456.0,85.3
2014-04-02,53.75,56.0,53.7,53.9,54.0,161221.0,88.26
2014-04-01,49.55,53.5,49.5,53.35,52.95,332426.0,172.28
2014-03-31,52.0,52.0,47.75,48.5,48.15,75876.0,37.04
2014-03-28,49.4,49.4,47.0,48.35,48.45,50577.0,24.58
2014-03-27,47.65,50.5,47.0,48.9,48.85,42199.0,20.73
2014-03-26,50.9,51.0,47.0,47.75,47.55,69618.0,33.86
2014-03-25,50.0,53.25,49.2,50.3,50.0,166649.0,85.54
2014-03-24,48.0,50.85,47.2,49.35,50.05,255326.0,125.43
2014-03-22,45.85,47.0,45.0,46.5,45.95,19742.0,9.13
2014-03-21,42.0,45.9,42.0,45.8,45.4,85608.0,37.74
2014-03-20,42.6,43.5,42.15,42.5,42.45,29234.0,12.52
2014-03-19,41.5,44.0,41.5,42.4,42.5,92411.0,39.46
2014-03-18,43.8,43.8,41.2,41.6,41.55,40684.0,17.09
2014-03-14,42.3,42.3,41.15,41.25,41.45,53824.0,22.51
2014-03-13,42.65,43.0,41.7,42.6,42.55,32431.0,13.75
2014-03-12,43.0,43.45,42.5,42.75,42.75,17247.0,7.4
2014-03-11,42.6,43.8,42.0,42.9,43.1,17984.0,7.76
2014-03-10,44.5,44.5,42.2,42.5,42.45,25452.0,10.88
2014-03-07,44.0,44.75,42.5,43.05,42.95,30830.0,13.34
2014-03-06,40.65,45.0,40.3,43.65,43.7,120481.0,52.99
2014-03-05,41.35,42.15,40.1,40.35,40.6,41286.0,16.93
2014-03-04,41.6,42.0,40.0,40.95,40.9,51490.0,21.07
2014-03-03,42.05,42.8,41.05,41.5,41.5,24119.0,10.08
2014-02-28,46.55,46.6,41.7,42.0,42.0,99377.0,42.89
2014-02-26,44.0,46.7,43.85,44.95,44.85,95740.0,43.32
2014-02-25,44.2,51.7,43.0,43.9,43.6,20352.0,9.02
2014-02-24,46.5,46.5,44.7,45.0,44.85,9260.0,4.2
2014-02-21,45.95,46.35,45.55,45.55,45.65,13902.0,6.38
2014-02-20,45.9,46.6,45.6,45.95,45.65,13839.0,6.36
2014-02-19,46.75,47.15,45.85,46.4,46.05,15956.0,7.42
2014-02-18,45.8,46.85,44.1,46.5,46.5,11020.0,5.07
2014-02-17,48.05,48.7,44.45,44.9,45.2,46817.0,21.55
2014-02-14,46.65,50.0,46.65,48.2,48.55,8655.0,4.21
2014-02-13,50.0,50.0,48.25,48.3,48.7,12512.0,6.16
2014-02-12,50.0,50.35,48.9,50.0,49.75,8582.0,4.24
2014-02-11,49.5,50.7,48.0,48.1,48.9,9348.0,4.62
2014-02-10,49.5,51.5,49.5,49.95,49.8,7729.0,3.87
2014-02-07,50.1,50.9,49.0,49.35,49.35,5877.0,2.95
2014-02-06,49.6,51.95,49.5,49.55,49.9,15901.0,7.97
2014-02-05,48.6,49.25,47.0,49.05,48.7,8963.0,4.31
2014-02-04,47.6,51.0,47.0,49.4,49.1,14197.0,6.86
2014-02-03,50.55,50.6,47.8,48.0,48.0,17264.0,8.48
2014-01-31,49.75,51.5,48.15,50.5,50.15,13300.0,6.6
2014-01-30,51.0,51.0,47.55,48.05,48.1,22784.0,11.13
2014-01-29,52.75,53.0,50.9,51.8,51.5,14556.0,7.55
2014-01-28,50.05,54.5,50.05,51.3,51.2,28884.0,15.07
2014-01-27,51.95,52.75,50.05,51.25,50.5,17177.0,8.82
2014-01-24,52.55,55.0,52.2,54.0,54.05,20043.0,10.76
2014-01-23,52.9,53.95,52.1,52.85,52.7,6872.0,3.65
2014-01-22,54.5,54.9,52.0,52.7,53.0,15615.0,8.36
2014-01-21,53.9,54.2,52.0,53.35,53.5,7899.0,4.23
2014-01-20,53.0,53.0,51.6,52.5,52.35,12323.0,6.42
2014-01-17,53.25,54.2,52.0,52.25,52.65,12224.0,6.51
2014-01-16,54.9,55.4,53.6,54.05,54.5,9655.0,5.27
2014-01-15,57.45,57.45,53.6,55.0,54.85,14150.0,7.73
2014-01-14,56.0,56.0,54.75,54.75,54.8,8457.0,4.66
2014-01-13,56.0,57.0,54.75,54.8,55.1,8815.0,4.94
2014-01-10,59.0,59.0,55.3,56.0,55.6,29054.0,16.51
2014-01-09,58.5,59.0,57.5,57.7,57.85,20556.0,11.99
2014-01-08,57.75,59.4,57.5,59.4,58.75,41949.0,24.59
2014-01-07,58.75,59.45,57.85,58.1,58.1,16456.0,9.59
2014-01-06,59.0,60.65,57.65,58.8,58.9,19075.0,11.29
2014-01-03,58.55,60.95,57.55,59.25,59.75,78849.0,46.88
2014-01-02,60.9,62.05,57.5,59.0,57.75,53848.0,32.29
2014-01-01,60.1,61.2,59.8,59.9,60.35,92599.0,55.87
2013-12-31,59.0,60.0,58.5,59.05,59.25,68216.0,40.34
2013-12-30,59.95,60.75,57.1,59.15,59.95,50462.0,29.79
2013-12-27,59.95,60.7,58.5,58.6,58.65,22910.0,13.58
2013-12-26,59.2,61.0,58.2,59.25,59.75,63131.0,37.82
2013-12-24,59.0,59.75,56.3,58.4,59.2,116436.0,67.68
2013-12-23,53.0,56.7,53.0,56.6,56.2,32544.0,18.04
2013-12-20,52.5,54.4,52.0,53.6,53.6,30744.0,16.45
2013-12-19,52.1,53.8,51.5,52.25,52.45,20510.0,10.73
2013-12-18,52.0,53.6,51.55,52.8,52.5,20343.0,10.69
2013-12-17,52.5,55.4,52.25,52.35,52.45,27777.0,14.83
2013-12-16,54.1,54.75,51.9,52.45,52.55,32233.0,17.18
2013-12-13,57.0,58.1,53.1,55.0,54.75,97502.0,54.29
2013-12-12,59.95,60.9,59.0,59.1,59.65,53809.0,32.25
2013-12-11,58.1,60.4,55.75,60.0,58.7,41147.0,23.71
2013-12-10,61.2,61.2,56.6,58.5,58.45,58151.0,33.68
2013-12-09,62.8,65.45,60.6,61.0,61.1,79978.0,49.82
2013-12-06,59.0,62.15,59.0,60.5,60.75,135416.0,82.27
2013-12-05,56.4,59.9,55.4,59.3,58.35,94426.0,54.29
2013-12-04,53.0,58.5,52.6,55.45,54.95,204398.0,113.52
2013-12-03,53.4,53.9,50.0,53.9,52.5,40917.0,21.1
2013-12-02,50.7,53.0,50.3,52.25,52.15,83724.0,43.45
2013-11-29,46.95,51.0,46.25,50.3,50.05,84992.0,42.13
2013-11-28,46.75,47.2,45.15,46.5,45.9,6760.0,3.12
2013-11-27,47.1,47.6,45.55,46.6,46.55,13726.0,6.41
2013-11-26,46.3,48.1,46.25,46.8,47.1,18230.0,8.64
2013-11-25,45.85,47.0,45.8,46.0,46.5,10027.0,4.66
2013-11-22,45.55,48.05,45.55,45.8,45.95,23782.0,11.2
2013-11-21,47.05,47.05,45.0,45.8,45.8,24839.0,11.42
2013-11-20,45.45,48.0,45.45,47.05,47.05,21791.0,10.25
2013-11-19,48.0,48.75,47.1,47.2,47.25,27203.0,13.01
2013-11-18,48.8,49.0,46.5,48.0,47.85,31716.0,15.11
2013-11-14,48.95,49.55,47.4,48.2,47.9,29695.0,14.48
2013-11-13,47.5,54.7,47.2,47.9,48.25,274136.0,140.0
2013-11-12,46.5,47.85,45.45,47.15,47.0,7888.0,3.68
2013-11-11,48.0,48.0,45.0,46.4,47.05,36565.0,16.89
2013-11-08,50.5,51.5,47.3,48.2,47.85,33065.0,16.35
2013-11-07,52.6,53.05,50.35,51.7,51.15,79816.0,41.23
2013-11-06,47.5,50.65,46.0,49.15,49.3,167072.0,81.85
2013-11-05,44.15,46.55,44.15,46.55,46.05,25261.0,11.57
2013-11-03,44.95,46.0,43.65,45.45,44.85,4025.0,1.81
2013-11-01,42.5,45.55,42.5,44.8,44.2,24438.0,10.93
2013-10-31,41.3,44.9,41.3,42.8,42.95,14056.0,6.05
2013-10-30,41.4,42.8,41.4,41.6,41.85,7173.0,3.03
2013-10-29,41.6,43.0,41.5,42.4,41.9,10144.0,4.25
2013-10-28,43.8,43.8,41.7,42.0,42.35,9329.0,3.95
2013-10-25,43.5,44.2,42.75,42.75,43.05,11803.0,5.12
2013-10-24,43.7,45.15,43.5,44.0,44.0,8872.0,3.93
2013-10-23,45.75,45.75,43.55,44.4,44.2,14871.0,6.66
2013-10-22,43.95,44.5,43.5,44.5,44.15,10648.0,4.69
2013-10-21,44.15,44.8,43.05,43.05,43.45,16161.0,7.07
2013-10-18,44.4,45.9,43.95,43.95,44.0,11096.0,4.93
2013-10-17,47.0,47.0,44.4,44.45,44.6,15784.0,7.16
2013-10-15,48.5,49.2,47.8,47.8,47.85,8995.0,4.37
2013-10-14,48.5,49.8,47.0,47.55,48.4,41468.0,20.11
2013-10-11,45.6,48.3,45.6,47.7,47.75,18812.0,8.91
2013-10-10,43.25,46.15,43.25,46.15,45.55,10189.0,4.6
2013-10-09,43.05,44.5,43.0,44.0,44.0,3487.0,1.54
2013-10-08,42.55,44.45,42.55,43.8,43.85,2151.0,0.94
2013-10-07,43.5,44.0,43.5,43.75,43.65,3356.0,1.47
2013-10-04,42.45,44.0,42.45,43.9,43.75,8516.0,3.7
2013-10-03,43.9,44.4,41.8,42.3,42.4,17213.0,7.36
2013-10-01,45.45,46.8,43.5,44.25,44.2,11463.0,5.09
2013-09-30,46.1,46.45,45.3,45.3,45.6,3498.0,1.61
2013-09-27,46.5,47.75,46.3,47.0,47.0,6161.0,2.9
2013-09-26,46.95,47.35,45.15,46.5,46.25,14556.0,6.68
2013-09-25,48.0,48.0,46.3,47.15,46.75,6513.0,3.05
2013-09-24,48.45,48.5,47.15,48.0,48.0,9543.0,4.57
2013-09-23,47.0,49.95,46.55,48.5,48.05,42168.0,20.31
2013-09-20,45.45,48.4,45.45,47.8,47.2,29814.0,14.1
2013-09-19,48.75,48.75,46.0,47.05,47.1,12631.0,5.97
2013-09-18,48.2,48.7,45.5,47.95,47.95,20033.0,9.52
2013-09-17,48.25,48.9,46.6,48.0,48.1,22893.0,11.03
2013-09-16,46.0,50.0,46.0,47.6,47.55,24470.0,11.68
2013-09-13,43.0,46.9,42.5,46.0,46.1,25299.0,11.51
2013-09-12,44.0,45.3,44.0,44.4,44.25,12309.0,5.51
2013-09-11,45.0,45.0,42.8,43.55,43.9,34545.0,15.13
2013-09-10,43.25,44.0,42.25,44.0,43.45,14783.0,6.38
2013-09-06,43.85,43.85,41.5,42.15,41.85,19575.0,8.27
2013-09-05,44.0,44.0,41.4,42.6,42.4,8822.0,3.73
2013-09-04,41.5,42.0,40.6,41.3,41.3,11569.0,4.77
2013-09-03,42.5,44.2,40.6,41.3,41.0,52545.0,22.06
2013-09-02,41.2,42.5,40.15,41.5,41.5,21385.0,8.84
2013-08-30,42.7,44.0,41.0,41.35,41.2,24755.0,10.49
2013-08-29,40.75,42.55,40.4,41.05,41.75,16072.0,6.64
2013-08-28,43.9,43.9,37.9,40.5,40.65,67884.0,27.17
2013-08-27,45.95,49.15,41.95,43.6,44.0,140488.0,64.66
2013-08-26,39.0,42.1,36.3,42.1,42.1,76400.0,31.35
2013-08-23,39.8,46.8,39.5,46.8,46.8,79368.0,35.78
2013-08-22,40.2,42.0,38.25,39.4,39.0,79410.0,31.46
2013-08-21,41.9,42.7,40.65,40.9,40.95,63568.0,26.63
2013-08-20,42.0,42.5,41.75,41.8,41.95,47357.0,19.87
2013-08-19,44.2,44.2,41.65,42.0,42.05,59876.0,25.19
2013-08-16,42.1,42.5,41.25,41.65,41.7,32106.0,13.42
2013-08-14,42.0,42.95,41.75,42.4,42.2,112991.0,47.55
2013-08-13,42.0,42.9,41.5,41.7,42.0,67539.0,28.37
2013-08-12,42.0,44.0,41.75,41.75,42.0,67496.0,28.35
2013-08-08,44.9,44.9,41.6,41.6,41.85,40014.0,16.85
2013-08-07,45.0,45.0,41.0,42.25,42.0,17267.0,7.25
2013-08-06,42.0,42.0,40.6,41.8,41.2,18952.0,7.86
2013-08-05,47.4,47.4,41.0,42.5,41.8,21726.0,9.13
2013-08-02,46.0,46.0,41.0,42.0,41.65,28907.0,12.39
2013-08-01,47.5,49.2,42.0,43.5,43.0,32169.0,14.66
2013-07-31,50.5,51.35,46.5,47.6,47.3,27842.0,13.3
2013-07-30,54.0,55.0,50.1,50.95,51.05,26559.0,13.9
2013-07-29,56.85,56.85,54.1,55.2,54.65,9060.0,4.98
2013-07-26,56.7,58.0,56.0,56.5,56.85,15644.0,8.88
2013-07-25,60.8,61.9,55.7,57.2,56.6,78182.0,45.2
2013-07-24,63.3,63.4,59.75,60.5,60.15,70030.0,43.08
2013-07-23,61.9,63.65,60.1,62.4,62.55,42193.0,26.02
2013-07-22,64.75,64.75,60.1,61.0,61.0,49719.0,30.45
2013-07-19,59.8,61.75,58.6,59.5,59.6,86599.0,52.07
2013-07-18,57.0,62.0,56.7,57.9,58.3,378485.0,223.58
2013-07-17,57.05,58.0,56.5,56.7,56.6,7727.0,4.43
2013-07-16,59.5,59.5,56.1,56.35,56.55,24330.0,14.02
2013-07-15,59.5,60.8,59.2,60.0,60.0,6870.0,4.11
2013-07-12,58.1,60.95,57.95,59.5,59.95,20980.0,12.59
2013-07-11,54.3,59.5,54.0,59.5,59.0,57162.0,32.89
2013-07-10,62.4,65.4,52.0,55.45,55.35,335346.0,197.19
2013-07-09,62.0,62.55,60.5,61.9,61.7,5232.0,3.24
2013-07-08,61.0,62.9,60.4,61.85,62.0,19141.0,11.81
2013-07-05,62.0,64.0,60.1,61.0,60.6,19519.0,12.11
2013-07-04,62.4,62.4,61.0,61.4,61.4,6305.0,3.88
2013-07-03,62.0,62.3,59.7,60.5,60.4,17997.0,10.84
2013-07-02,64.0,65.7,61.6,62.0,62.3,17201.0,10.85
2013-07-01,64.0,64.05,63.05,63.3,63.4,29360.0,18.63
2013-06-28,64.55,64.55,62.35,63.5,63.75,23386.0,14.84
2013-06-27,64.0,64.4,63.05,63.35,63.5,8891.0,5.67
2013-06-26,66.0,66.0,63.1,63.2,63.5,6698.0,4.3
2013-06-25,65.0,66.85,65.0,65.75,66.1,5012.0,3.32
2013-06-24,68.65,68.65,65.85,66.0,66.15,5055.0,3.37
2013-06-21,67.0,71.7,66.6,67.25,68.65,12140.0,8.24
2013-06-20,70.0,70.15,67.15,67.75,67.9,18906.0,12.92
2013-06-19,71.25,72.0,70.45,71.25,70.65,6258.0,4.44
2013-06-18,72.75,74.0,71.0,71.05,71.1,8581.0,6.17
2013-06-17,69.3,73.5,68.1,72.65,73.0,9845.0,7.13
2013-06-14,69.0,69.45,68.7,69.2,69.05,6229.0,4.3
2013-06-13,69.1,69.3,67.25,68.7,68.2,4206.0,2.88
2013-06-12,69.95,70.5,69.35,69.55,69.6,4203.0,2.93
2013-06-11,71.2,72.7,68.5,69.85,69.9,13785.0,9.66
2013-06-10,73.6,74.1,71.2,71.5,71.45,5467.0,3.97
2013-06-07,72.7,75.0,72.4,73.0,73.6,10086.0,7.46
2013-06-06,74.65,74.65,71.6,73.1,73.55,6579.0,4.8
2013-06-05,72.65,73.8,72.0,73.15,73.2,5723.0,4.17
2013-06-04,71.6,75.5,71.6,72.65,72.6,15447.0,11.41
2013-06-03,69.0,71.9,69.0,71.5,71.4,36532.0,25.68
2013-05-31,75.45,75.45,68.5,68.5,69.4,33779.0,23.82
2013-05-30,75.0,75.0,72.0,72.15,72.65,35301.0,25.85
2013-05-29,77.95,79.45,74.8,74.9,75.0,89784.0,67.71
2013-05-28,77.15,79.8,76.0,76.05,76.3,14524.0,11.23
2013-05-27,77.9,81.5,77.0,77.45,77.4,32210.0,25.59
2013-05-24,79.4,80.0,74.9,77.95,77.8,39214.0,30.06
2013-05-23,89.0,89.0,78.05,79.55,79.2,151598.0,122.93
2013-05-22,95.95,95.95,88.05,88.5,88.95,53463.0,48.38
2013-05-21,94.45,98.5,93.15,93.3,93.9,62437.0,59.98
2013-05-20,92.7,95.9,92.6,94.4,93.85,47448.0,44.81
2013-05-17,90.0,91.5,89.25,91.5,90.5,65297.0,58.82
2013-05-16,90.0,90.15,88.55,90.0,90.05,14869.0,13.34
2013-05-15,89.5,92.1,89.4,89.4,89.95,17804.0,16.05
2013-05-14,89.0,91.35,88.45,90.2,90.55,6013.0,5.42
2013-05-13,89.65,95.5,88.7,89.85,89.85,17793.0,16.17
2013-05-11,89.0,90.0,88.6,89.8,89.8,1765.0,1.58
2013-05-10,90.0,90.0,88.3,89.3,89.7,5885.0,5.26
2013-05-09,89.9,90.4,88.35,89.75,89.7,9908.0,8.86
2013-05-08,90.1,90.9,89.1,90.0,90.05,8392.0,7.56
2013-05-07,91.0,91.65,89.05,89.55,89.6,8395.0,7.54
2013-05-06,91.0,92.0,88.5,89.85,89.7,164987.0,148.5
2013-05-03,91.5,92.4,89.6,91.95,91.95,45404.0,41.42
2013-05-02,88.9,99.65,88.9,90.2,90.6,27004.0,24.73
2013-04-30,88.85,90.7,86.0,87.45,87.05,183685.0,161.86
2013-04-29,89.6,89.6,86.55,89.0,88.8,154957.0,136.37
2013-04-26,89.05,90.5,86.25,88.05,88.25,12354.0,10.9
2013-04-25,89.45,90.0,87.95,90.0,89.35,162598.0,143.34
2013-04-23,88.9,89.8,87.0,88.25,88.35,166637.0,146.11
2013-04-22,84.0,88.5,84.0,87.15,87.5,175733.0,153.77
2013-04-18,82.5,85.4,82.5,85.0,85.15,179815.0,149.04
2013-04-17,82.0,84.9,81.9,83.45,83.65,51867.0,43.23
2013-04-16,80.0,81.3,77.7,81.3,80.65,15190.0,12.15
2013-04-15,77.0,80.4,76.5,79.0,79.1,186567.0,144.26
2013-04-12,81.45,81.45,76.0,77.5,78.4,167481.0,131.95
2013-04-11,81.9,83.0,80.5,80.8,80.9,153601.0,125.2
2013-04-10,81.85,81.9,79.05,79.35,80.25,5137.0,4.12
2013-04-09,82.0,83.4,80.3,80.35,80.55,9152.0,7.52
2013-04-08,82.25,84.0,80.0,80.1,80.4,21246.0,17.43
2013-04-05,83.0,83.9,80.0,81.0,80.9,7540.0,6.14
2013-04-04,87.85,87.85,80.25,82.85,82.05,35034.0,28.79
2013-04-03,88.85,88.85,84.0,85.7,85.6,33274.0,29.07
2013-04-02,82.65,88.6,81.0,87.0,87.4,26015.0,21.91
2013-04-01,77.0,83.0,74.9,81.0,80.8,45382.0,36.08
2013-03-28,70.1,73.0,70.0,72.0,72.4,19543.0,14.06
2013-03-26,73.0,74.15,70.0,70.5,71.0,14553.0,10.42
2013-03-25,74.0,77.0,70.5,72.0,71.95,13862.0,10.23
2013-03-22,74.0,74.95,69.8,72.1,73.0,36870.0,26.42
2013-03-21,77.6,79.7,72.3,74.0,73.55,30307.0,23.03
2013-03-20,80.0,81.0,77.0,77.95,77.35,19388.0,15.3
2013-03-19,89.8,89.8,80.5,81.0,80.7,14789.0,12.12
2013-03-18,84.0,84.95,82.1,82.85,82.85,38099.0,31.57
2013-03-15,85.25,86.4,84.15,85.0,84.65,7824.0,6.65
2013-03-14,87.8,87.8,83.75,84.5,85.2,6924.0,5.86
2013-03-13,86.0,86.6,83.6,83.6,84.2,10563.0,8.99
2013-03-12,90.0,90.85,85.0,86.05,86.55,11768.0,10.23
2013-03-11,93.0,93.0,86.35,86.5,86.45,25692.0,22.44
2013-03-08,91.85,94.9,88.15,88.2,88.8,60876.0,54.91
2013-03-07,87.05,90.85,86.05,90.25,90.0,16579.0,14.72
2013-03-06,88.5,88.5,84.5,87.45,86.9,6474.0,5.59
2013-03-05,85.0,86.5,82.55,86.0,85.45,13478.0,11.34
2013-03-04,85.6,86.8,84.85,85.7,85.9,7047.0,6.03
2013-03-01,86.0,88.0,85.5,87.45,87.4,6426.0,5.56
2013-02-28,86.7,89.0,85.55,86.85,86.4,7109.0,6.22
2013-02-27,87.0,87.8,85.85,86.95,86.7,9426.0,8.17
2013-02-26,89.0,90.5,86.0,86.05,86.3,8112.0,7.08
2013-02-25,90.0,90.75,88.2,90.0,90.0,14760.0,13.27
2013-02-22,90.0,91.35,89.0,89.1,89.85,4174.0,3.77
2013-02-21,91.5,92.0,90.0,90.25,90.45,4723.0,4.28
2013-02-20,94.8,94.8,90.25,92.0,92.0,8141.0,7.43
2013-02-19,90.05,91.5,89.7,91.5,90.25,12483.0,11.24
2013-02-18,89.25,90.6,88.2,88.95,89.05,19222.0,17.23
2013-02-15,92.1,92.1,88.85,89.7,89.1,32620.0,29.24
2013-02-14,96.0,97.0,92.05,92.7,92.6,10062.0,9.48
2013-02-13,95.9,96.5,94.5,95.5,95.35,12405.0,11.86
2013-02-12,94.1,96.2,93.8,95.0,95.45,29122.0,27.72
2013-02-11,93.7,96.7,91.2,92.5,93.0,11403.0,10.56
2013-02-08,96.5,96.5,93.1,93.45,94.35,20388.0,19.44
2013-02-07,92.75,95.85,92.7,95.5,94.95,11551.0,10.95
2013-02-06,93.1,94.5,92.15,93.15,93.15,5632.0,5.26
2013-02-05,93.5,93.85,90.15,92.95,92.65,5353.0,4.97
2013-02-04,95.9,96.0,93.55,94.0,93.9,5944.0,5.63
2013-02-01,94.8,96.1,93.3,94.25,94.45,7125.0,6.77
2013-01-31,96.65,96.65,94.15,95.0,95.0,3649.0,3.47
2013-01-30,97.1,97.35,95.0,95.95,95.8,5388.0,5.16
2013-01-29,96.55,97.95,96.55,97.65,97.55,4461.0,4.34
2013-01-28,99.95,99.95,95.0,96.25,96.8,16034.0,15.47
2013-01-25,98.0,98.7,95.1,96.25,95.95,28061.0,27.05
2013-01-24,101.0,101.95,98.0,99.05,98.65,14119.0,13.97
2013-01-23,103.0,104.25,99.1,101.25,100.55,22269.0,22.62
2013-01-22,104.3,104.4,103.1,103.15,103.15,4860.0,5.04
2013-01-21,107.6,107.6,103.0,103.95,103.5,18339.0,18.98
2013-01-18,107.0,107.0,101.4,104.6,103.95,9166.0,9.5
2013-01-17,108.0,108.0,102.15,103.8,103.5,7110.0,7.36
2013-01-16,105.45,107.45,104.25,104.35,104.6,5353.0,5.64
2013-01-15,109.0,109.0,105.2,106.0,105.45,7828.0,8.28
2013-01-14,107.0,107.0,104.5,106.0,105.9,25172.0,26.61
2013-01-11,108.55,108.55,104.5,105.7,105.5,18400.0,19.4
2013-01-10,109.95,109.95,103.0,104.9,104.4,39675.0,41.6
2013-01-09,108.05,109.5,106.9,107.15,107.1,14532.0,15.65
2013-01-08,110.0,110.0,107.8,108.0,108.05,24087.0,26.15
2013-01-07,111.15,111.35,108.55,109.05,109.5,22292.0,24.37
2013-01-04,110.8,111.9,109.4,111.2,110.65,11463.0,12.71
2013-01-03,110.05,112.95,110.05,110.25,110.9,20863.0,23.2
2013-01-02,110.55,111.9,109.5,110.6,110.3,14493.0,16.03
2013-01-01,107.4,109.45,107.25,109.0,109.3,13242.0,14.39
2012-12-31,107.3,108.55,106.8,107.45,107.4,14952.0,16.06
2012-12-28,106.9,107.0,105.35,107.0,106.85,10160.0,10.83
2012-12-27,109.8,109.85,105.55,106.0,105.9,15556.0,16.63
2012-12-26,109.8,109.8,105.0,108.0,108.0,12857.0,13.85
2012-12-24,109.8,109.8,107.2,108.0,107.7,4564.0,4.93
2012-12-21,109.6,109.6,107.55,108.0,107.9,9508.0,10.29
2012-12-20,109.0,111.0,108.1,109.6,109.55,12709.0,13.94
2012-12-19,110.5,111.7,109.05,110.1,109.45,23755.0,26.12
2012-12-18,111.0,112.0,109.05,110.25,109.65,25997.0,28.7
2012-12-17,111.9,111.9,109.75,111.05,110.75,45020.0,49.93
2012-12-14,108.45,110.7,105.75,110.7,108.25,24194.0,25.97
2012-12-13,110.8,110.8,106.0,106.0,106.7,15614.0,16.86
2012-12-12,111.7,111.7,108.6,108.75,109.4,20195.0,22.27
2012-12-11,120.0,120.0,108.65,109.1,109.55,48600.0,54.18
2012-12-10,114.0,115.9,113.55,113.55,114.1,19268.0,21.98
2012-12-07,116.6,116.6,112.5,114.25,113.65,26497.0,30.14
2012-12-06,118.0,119.85,112.0,114.4,114.55,32233.0,36.9
2012-12-05,114.0,120.5,114.0,117.45,117.35,102690.0,121.18
2012-12-04,111.2,117.0,109.85,113.8,114.3,62633.0,71.63
2012-12-03,112.1,114.0,111.25,112.0,111.85,19331.0,21.66
2012-11-30,112.6,114.75,111.5,111.6,111.7,27903.0,31.41
2012-11-29,109.05,115.5,109.0,112.3,112.35,120323.0,136.25
2012-11-27,108.8,110.5,107.55,109.05,109.15,25909.0,28.29
2012-11-26,108.0,111.9,105.6,107.65,108.15,29986.0,32.6
2012-11-23,110.1,110.7,106.0,107.0,107.45,48470.0,52.48
2012-11-22,108.0,109.8,107.3,109.0,108.3,22732.0,24.64
2012-11-21,105.15,109.0,104.55,108.0,108.2,31747.0,33.96
2012-11-20,107.5,108.45,103.8,105.6,105.8,17425.0,18.45
2012-11-19,108.0,108.65,106.0,106.5,106.95,18193.0,19.54
2012-11-16,111.05,113.65,106.0,107.5,107.85,23273.0,25.66
2012-11-15,113.5,114.25,109.0,111.7,110.65,19892.0,22.17
2012-11-13,113.8,114.8,113.15,114.15,114.0,9156.0,10.44
2012-11-12,113.8,115.2,110.25,112.5,112.65,30238.0,34.17
2012-11-09,112.95,117.95,110.25,112.9,112.75,182850.0,209.5
2012-11-08,111.0,113.0,106.3,106.35,107.8,74293.0,82.06
2012-11-07,100.5,111.75,100.0,111.55,109.55,46884.0,50.92
2012-11-06,103.5,104.5,102.6,103.25,103.05,7459.0,7.72
2012-11-05,105.0,105.0,102.7,103.5,103.4,17435.0,18.06
2012-11-02,106.6,107.0,104.0,104.0,105.45,54777.0,57.89
2012-11-01,104.5,106.75,103.7,105.3,105.6,13753.0,14.48
2012-10-31,103.6,106.5,102.2,106.5,105.2,10398.0,10.83
2012-10-30,106.9,108.0,102.9,105.0,104.0,11385.0,11.97
2012-10-29,109.1,111.75,104.5,105.5,105.15,27459.0,29.51
2012-10-26,115.8,117.0,108.0,108.05,108.7,17699.0,19.45
2012-10-25,113.75,117.7,113.05,113.7,113.45,34163.0,39.28
2012-10-23,110.0,115.4,108.1,113.75,113.6,78918.0,89.28
2012-10-22,105.35,109.7,104.95,109.0,108.15,17146.0,18.4
2012-10-19,106.5,112.05,104.1,105.4,105.2,18107.0,19.45
2012-10-18,105.1,108.8,101.65,108.8,107.05,32545.0,34.06
2012-10-17,108.25,110.0,101.35,105.25,105.25,33134.0,34.92
2012-10-16,110.0,111.65,107.3,108.65,108.15,16321.0,17.95
2012-10-15,111.0,113.0,108.65,109.9,109.75,10685.0,11.78
2012-10-12,111.1,116.0,110.05,111.8,111.65,20452.0,23.06
2012-10-11,112.9,114.5,109.35,110.55,111.0,50434.0,56.0
2012-10-10,118.4,122.9,112.5,112.5,113.0,26528.0,30.54
2012-10-09,122.35,124.9,117.35,118.75,119.0,34030.0,41.15
2012-10-08,122.5,126.0,119.5,120.25,120.65,37665.0,46.26
2012-10-05,130.5,130.7,116.35,122.25,122.9,75739.0,92.28
2012-10-04,129.0,130.0,120.75,128.3,127.65,177081.0,224.57
2012-10-03,115.7,124.45,115.0,120.65,120.45,274047.0,330.24
2012-10-01,104.0,118.0,103.95,114.0,114.35,364440.0,410.03
2012-09-28,101.9,103.2,99.65,102.0,102.2,35406.0,36.1
2012-09-27,101.1,101.5,99.2,99.75,99.65,13282.0,13.31
2012-09-26,103.8,103.9,100.0,100.6,101.5,33686.0,34.7
2012-09-25,102.85,102.85,98.0,99.55,99.95,56416.0,56.34
2012-09-24,100.0,103.0,96.25,99.95,100.0,65502.0,65.52
2012-09-21,94.25,98.4,94.0,98.4,97.65,54828.0,53.09
2012-09-20,93.0,94.1,92.1,93.55,93.6,19996.0,18.75
2012-09-18,92.55,95.0,92.0,94.1,93.1,21081.0,19.74
2012-09-17,94.0,94.0,90.1,91.6,91.2,19430.0,17.77
2012-09-14,95.15,96.4,93.55,94.6,94.8,30775.0,29.14
2012-09-13,92.35,96.0,92.25,95.45,95.0,28509.0,27.0
2012-09-12,95.0,95.0,91.2,92.35,92.0,16732.0,15.41
2012-09-11,90.9,94.55,90.5,92.7,92.95,10159.0,9.45
2012-09-10,94.5,94.9,90.2,92.0,91.25,25880.0,24.0
2012-09-08,93.8,94.0,91.45,91.5,92.45,3241.0,3.03
2012-09-07,96.0,97.7,93.05,93.05,94.1,26784.0,25.5
2012-09-06,91.0,94.6,91.0,94.0,93.45,13147.0,12.21
2012-09-05,85.95,94.0,85.95,91.4,90.9,62375.0,57.28
2012-09-04,86.9,88.0,85.6,86.05,85.95,10000.0,8.65
2012-09-03,86.05,88.0,86.05,86.5,86.85,13141.0,11.45
2012-08-31,87.0,89.45,85.6,85.6,86.0,17324.0,14.95
2012-08-30,86.45,89.7,84.3,88.7,87.9,25299.0,22.08
2012-08-29,88.6,91.0,86.15,86.15,86.45,12057.0,10.48
2012-08-28,94.8,94.8,88.0,88.15,88.6,12130.0,10.91
2012-08-27,92.5,93.9,91.9,91.9,92.25,6036.0,5.59
2012-08-24,93.35,95.0,91.6,91.9,91.9,6261.0,5.82
2012-08-23,92.05,94.8,90.4,93.85,93.35,10336.0,9.63
2012-08-22,92.9,95.0,92.0,93.05,93.05,9896.0,9.23
2012-08-21,95.85,95.85,92.55,93.45,92.9,13439.0,12.62
2012-08-17,94.8,95.9,93.3,95.15,93.9,9544.0,9.02
2012-08-16,91.3,94.8,91.0,93.35,93.6,13027.0,12.2
2012-08-14,94.0,94.0,89.1,91.4,91.1,35697.0,32.69
2012-08-13,96.7,96.7,93.5,95.0,94.95,3792.0,3.58
2012-08-10,96.05,96.05,93.0,94.65,93.5,12078.0,11.35
2012-08-09,94.5,97.55,93.3,96.35,96.05,9667.0,9.2
2012-08-08,95.0,99.9,94.95,96.0,95.55,40865.0,39.94
2012-08-07,91.55,95.8,91.55,94.6,94.05,9088.0,8.49
2012-08-06,94.0,95.0,91.2,91.95,91.85,14791.0,13.72
2012-08-03,93.0,94.0,92.05,93.0,92.85,5950.0,5.54
2012-08-02,94.95,94.95,92.55,93.2,93.05,816.0,0.76
2012-08-01,93.65,93.95,92.7,92.7,92.8,3772.0,3.51
2012-07-31,95.95,95.95,92.0,92.75,92.45,7904.0,7.34
2012-07-30,92.05,93.45,91.05,92.4,92.3,3090.0,2.84
2012-07-27,94.05,95.0,92.0,92.35,92.05,6014.0,5.61
2012-07-26,96.0,96.35,92.95,93.0,93.15,8196.0,7.72
2012-07-25,95.95,96.8,94.5,95.5,95.15,2551.0,2.43
2012-07-24,95.1,97.3,94.5,96.0,95.95,4505.0,4.31
2012-07-23,99.0,99.0,94.5,95.4,95.1,9788.0,9.4
2012-07-20,100.55,102.5,98.9,99.9,99.35,11856.0,11.88
2012-07-19,101.0,104.0,98.5,99.0,99.4,46493.0,47.16
2012-07-18,95.7,99.0,95.0,99.0,98.35,5688.0,5.53
2012-07-17,96.0,98.45,94.1,96.5,95.95,2471.0,2.4
2012-07-16,99.1,102.55,96.0,96.0,96.4,10016.0,9.77
2012-07-13,98.75,99.85,97.0,97.15,97.25,9784.0,9.6
2012-07-12,101.5,101.5,97.6,98.0,98.0,10571.0,10.47
2012-07-11,102.0,103.0,101.15,102.4,102.2,6534.0,6.67
2012-07-10,101.15,103.8,99.4,102.1,102.25,5317.0,5.44
2012-07-09,105.0,105.0,101.0,101.1,101.5,7917.0,8.21
2012-07-06,104.3,106.15,103.0,104.8,104.75,24306.0,25.48
2012-07-05,105.0,105.0,103.8,104.25,104.25,14127.0,14.79
2012-07-04,98.55,105.0,98.55,103.9,104.0,32285.0,33.46
2012-07-03,100.0,100.0,97.25,97.95,98.0,11576.0,11.45
2012-07-02,99.95,100.0,99.15,99.8,99.7,10131.0,10.09
2012-06-29,98.8,100.0,97.0,99.3,99.25,24211.0,23.94
2012-06-28,98.3,98.8,97.15,98.0,98.0,10366.0,10.15
2012-06-27,98.1,100.0,97.0,97.75,97.15,20041.0,19.89
2012-06-26,98.1,98.9,97.6,98.0,98.2,4615.0,4.53
2012-06-25,98.0,99.35,97.0,98.1,98.45,10341.0,10.15
2012-06-22,98.0,99.9,94.6,96.8,96.4,36062.0,35.36
2012-06-21,91.0,98.0,91.0,98.0,96.75,13330.0,12.65
2012-06-20,91.0,92.5,91.0,91.7,91.6,6435.0,5.87
2012-06-19,91.15,92.9,89.8,91.4,90.45,2640.0,2.41
2012-06-18,93.15,95.5,91.2,91.55,91.8,2623.0,2.45
2012-06-15,92.0,94.15,91.25,93.5,93.45,7420.0,6.89
2012-06-14,90.25,94.25,90.0,91.5,91.7,7247.0,6.63
2012-06-13,90.35,92.35,90.35,90.7,90.7,4242.0,3.88
2012-06-12,90.1,91.2,89.0,91.1,90.35,4367.0,3.93
2012-06-11,91.0,92.0,89.2,90.1,90.4,6278.0,5.71
2012-06-08,88.25,89.4,87.0,88.55,89.1,10453.0,9.21
2012-06-07,88.4,90.65,87.8,87.8,88.35,15411.0,13.77
2012-06-06,87.0,88.8,86.5,88.1,88.45,14106.0,12.32
2012-06-05,89.15,90.95,85.95,86.0,86.4,23406.0,20.61
2012-06-04,93.0,94.0,86.55,90.5,89.4,26961.0,24.01
2012-06-01,95.0,95.05,92.3,94.0,93.6,2519.0,2.37
2012-05-31,94.5,95.95,93.6,94.05,93.95,4527.0,4.27
2012-05-30,96.0,96.25,94.4,95.8,95.0,2389.0,2.28
2012-05-29,97.9,97.9,95.0,96.0,96.2,21651.0,20.88
2012-05-28,98.25,99.5,96.1,97.9,97.1,10136.0,9.98
2012-05-25,98.75,99.0,96.0,97.3,96.55,4442.0,4.34
2012-05-24,97.0,98.9,96.0,96.1,96.35,552.0,0.53
2012-05-23,96.6,97.0,95.65,96.05,96.05,1801.0,1.74
2012-05-22,98.55,102.4,97.0,97.2,97.25,7807.0,7.77
2012-05-21,101.95,102.75,97.5,99.0,97.9,5323.0,5.26
2012-05-18,96.0,101.8,94.75,101.0,100.2,7845.0,7.62
2012-05-17,96.0,98.0,95.8,96.15,97.05,4368.0,4.22
2012-05-16,94.95,99.0,94.0,97.0,97.45,8321.0,7.99
2012-05-15,95.0,97.0,92.6,97.0,95.75,6149.0,5.81
2012-05-14,85.25,98.9,85.25,94.1,95.6,15694.0,14.76
2012-05-11,94.2,95.0,91.0,92.0,92.35,12797.0,11.87
2012-05-10,97.2,99.4,94.2,94.2,94.7,11865.0,11.48
2012-05-09,99.25,100.5,96.35,97.05,97.2,13860.0,13.67
2012-05-08,106.0,106.0,98.35,99.5,99.25,18226.0,18.45
2012-05-07,100.9,106.8,98.85,104.0,103.5,38803.0,39.29
2012-05-04,109.9,114.8,104.1,105.8,105.25,64339.0,69.86
2012-05-03,103.0,108.95,103.0,107.9,106.45,23075.0,24.55
2012-05-02,100.0,103.75,99.75,103.6,102.95,17676.0,17.95
2012-04-30,100.05,102.0,99.7,100.0,100.0,15042.0,15.13
2012-04-28,102.0,102.0,99.0,99.0,99.55,3692.0,3.69
2012-04-27,102.1,102.1,98.55,99.9,99.4,14618.0,14.58
2012-04-26,104.0,107.9,101.1,101.2,101.5,13558.0,13.87
2012-04-25,107.0,107.0,104.0,104.0,104.5,8462.0,8.92
2012-04-24,106.25,107.7,106.0,106.0,106.15,2834.0,3.02
2012-04-23,107.5,110.65,106.0,106.05,106.4,6433.0,6.92
2012-04-20,108.95,110.0,108.0,108.5,108.3,6902.0,7.53
2012-04-19,110.0,110.8,109.0,110.0,109.95,5354.0,5.88
2012-04-18,111.9,113.5,109.6,109.7,109.75,27816.0,30.94
2012-04-17,109.8,112.0,108.95,110.5,110.65,12269.0,13.55
2012-04-16,108.0,115.0,107.25,107.5,108.25,33358.0,36.78
2012-04-13,110.35,110.6,107.5,107.75,107.9,8138.0,8.87
2012-04-12,111.0,111.0,109.05,109.5,109.45,6256.0,6.86
2012-04-11,109.25,111.95,107.6,109.25,109.25,14989.0,16.43
2012-04-10,110.0,111.0,107.35,108.6,108.55,10868.0,11.87
2012-04-09,109.1,110.0,108.1,108.8,109.25,11546.0,12.58
2012-04-04,109.85,112.3,108.6,109.7,108.95,22262.0,24.44
2012-04-03,110.6,113.05,108.7,109.35,109.05,60694.0,67.24
2012-04-02,110.0,112.2,108.0,108.5,109.9,24045.0,26.54
2012-03-30,110.0,114.35,108.35,108.45,109.05,34763.0,38.49
2012-03-29,105.2,109.45,104.5,106.1,107.55,70639.0,75.57
2012-03-28,109.0,110.0,105.0,105.9,106.15,8546.0,9.14
2012-03-27,112.0,112.5,108.0,108.0,109.0,5944.0,6.56
2012-03-26,111.05,112.6,109.15,109.15,109.3,5263.0,5.81
2012-03-23,111.2,115.0,110.2,114.0,113.7,24075.0,26.95
2012-03-22,114.1,116.0,111.25,113.15,112.6,7385.0,8.4
2012-03-21,113.95,117.75,110.9,117.75,114.85,14510.0,16.42
2012-03-20,113.95,113.95,109.6,110.6,110.7,11957.0,13.34
2012-03-19,113.5,115.0,112.0,113.95,112.9,9344.0,10.63
2012-03-16,116.1,118.5,114.0,115.0,114.75,15208.0,17.65
2012-03-15,119.1,121.9,115.25,118.4,118.05,4576.0,5.38
2012-03-14,119.05,122.35,119.05,119.6,120.0,14897.0,17.97
2012-03-13,119.05,122.8,119.05,120.1,120.3,12123.0,14.69
2012-03-12,121.0,123.0,118.55,119.15,119.35,18935.0,22.8
2012-03-09,115.8,119.75,114.25,119.75,118.3,13286.0,15.62
2012-03-07,113.45,116.0,111.1,114.0,115.3,14243.0,16.26
2012-03-06,115.6,117.4,111.45,113.1,113.45,12090.0,13.89
2012-03-05,119.0,121.8,114.5,115.1,115.6,20406.0,23.9
2012-03-03,115.9,116.75,115.0,115.0,115.55,2711.0,3.14
2012-03-02,118.7,119.0,113.0,114.1,114.8,23910.0,27.67
2012-03-01,115.4,116.8,112.8,113.3,113.5,23068.0,26.29
2012-02-29,119.9,121.7,113.25,114.95,115.4,23319.0,27.27
2012-02-28,115.0,120.0,115.0,116.95,116.45,23455.0,27.61
2012-02-27,120.2,122.95,112.05,113.0,113.7,32130.0,37.13
2012-02-24,127.3,129.65,119.2,121.25,121.9,34355.0,42.47
2012-02-23,131.0,131.0,121.7,127.15,126.9,22800.0,28.89
2012-02-22,143.0,143.0,130.35,130.35,131.0,36293.0,48.85
2012-02-21,140.0,144.7,137.25,137.3,137.95,63036.0,88.51
2012-02-17,135.0,142.2,135.0,138.95,137.95,86578.0,120.06
2012-02-16,133.85,136.95,133.7,134.9,134.5,23768.0,32.16
2012-02-15,134.8,138.65,132.3,133.7,133.85,62279.0,83.73
2012-02-14,127.0,141.5,122.0,131.35,131.55,372290.0,504.36
2012-02-13,130.8,130.8,125.45,127.7,127.55,19942.0,25.47
2012-02-10,132.75,134.0,129.05,129.55,129.55,81580.0,107.35
2012-02-09,120.5,129.2,118.1,128.5,126.9,78064.0,97.03
2012-02-08,117.9,120.0,114.5,118.95,118.9,19582.0,23.26
2012-02-07,118.0,122.0,115.25,115.7,116.2,14681.0,17.28
2012-02-06,119.0,121.05,114.3,116.25,116.7,46558.0,55.15
2012-02-03,119.0,119.0,114.7,117.25,116.6,13669.0,15.96
2012-02-02,116.75,127.0,116.0,116.9,116.4,66023.0,78.14
2012-02-01,110.0,114.0,109.1,113.0,113.15,23878.0,27.02
2012-01-31,114.8,114.8,109.5,113.0,111.9,12609.0,14.18
2012-01-30,113.0,115.0,109.15,109.3,111.45,27548.0,31.29
2012-01-27,108.1,112.0,108.1,110.3,110.35,13820.0,15.25
2012-01-25,108.2,110.15,108.0,108.5,108.35,14281.0,15.57
2012-01-24,109.5,109.5,105.9,108.1,108.1,8989.0,9.68
2012-01-23,107.2,111.9,105.2,106.45,106.2,12264.0,13.06
2012-01-20,110.3,112.05,106.9,108.0,107.55,13999.0,15.34
2012-01-19,110.3,112.0,106.1,107.0,107.65,10524.0,11.39
2012-01-18,112.5,113.45,108.05,108.9,108.4,5959.0,6.59
2012-01-17,110.2,112.8,110.2,112.0,111.5,12439.0,13.86
2012-01-16,109.6,113.85,107.0,109.95,109.7,18915.0,20.96
2012-01-13,106.0,114.3,106.0,110.9,109.2,87537.0,97.37
2012-01-12,98.7,108.5,98.0,105.5,105.5,30161.0,31.56
2012-01-11,104.85,104.85,98.5,98.6,98.8,8669.0,8.71
2012-01-10,94.0,102.35,91.0,98.7,99.35,25372.0,24.88
2012-01-09,92.0,92.8,90.0,91.35,91.45,4952.0,4.52
2012-01-07,89.0,90.5,88.3,90.5,89.5,937.0,0.84
2012-01-06,93.0,93.1,89.0,89.5,89.75,5665.0,5.1
2012-01-05,90.2,93.4,89.9,93.0,92.95,8412.0,7.76
2012-01-04,94.0,94.0,88.5,90.65,90.4,9934.0,9.05
2012-01-03,89.0,98.0,85.0,93.0,92.15,32008.0,29.82
2012-01-02,82.1,88.65,80.4,87.8,85.35,24775.0,20.92
2011-12-30,81.0,82.7,79.0,81.0,81.2,12015.0,9.73
2011-12-29,81.0,82.0,78.65,78.8,79.15,20771.0,16.73
2011-12-28,82.0,83.45,79.5,79.5,80.25,7727.0,6.29
2011-12-27,83.1,85.0,81.4,81.95,81.7,6597.0,5.48
2011-12-26,85.65,85.8,83.3,84.0,83.95,5379.0,4.53
2011-12-23,81.75,84.2,81.05,82.85,83.3,6360.0,5.26
2011-12-22,78.0,83.9,75.0,82.0,81.7,11199.0,8.9
2011-12-21,80.0,80.0,74.3,76.0,75.95,42476.0,32.84
2011-12-20,79.05,83.85,77.55,77.9,78.0,27591.0,22.24
2011-12-19,83.0,83.0,77.35,80.0,79.95,35235.0,28.06
2011-12-16,88.5,88.5,81.1,82.5,82.3,18381.0,15.64
2011-12-15,90.0,90.5,81.25,86.05,87.1,29838.0,25.73
2011-12-14,97.0,97.0,88.2,90.0,89.3,45308.0,41.87
2011-12-13,97.0,99.95,95.85,96.9,96.15,5680.0,5.48
2011-12-12,102.0,102.0,97.75,97.75,97.9,5501.0,5.42
2011-12-09,102.7,102.7,99.0,99.15,99.3,7294.0,7.27
2011-12-08,101.0,101.0,99.0,99.85,99.5,8321.0,8.32
2011-12-07,107.7,107.7,100.0,100.0,100.1,11311.0,11.39
2011-12-05,100.55,103.0,100.5,100.7,100.85,10931.0,11.05
2011-12-02,102.0,102.0,100.6,101.5,101.5,33412.0,33.99
2011-12-01,102.9,105.0,98.55,100.0,101.55,36118.0,36.75
2011-11-30,100.0,102.0,98.85,99.9,99.3,15773.0,15.77
2011-11-29,103.0,103.0,99.8,100.2,100.4,14820.0,14.95
2011-11-28,103.9,107.5,102.25,102.25,102.65,5947.0,6.16
2011-11-25,99.6,103.85,99.1,101.0,101.2,14652.0,14.87
2011-11-24,99.05,103.0,99.05,101.0,101.0,23559.0,23.82
2011-11-23,103.25,103.9,98.25,98.25,100.85,33026.0,33.52
2011-11-22,103.1,105.5,102.2,103.1,103.1,16171.0,16.78
2011-11-21,101.65,106.7,91.0,104.35,103.85,48004.0,49.37
2011-11-18,107.0,107.0,100.2,104.6,103.55,21327.0,21.92
2011-11-17,108.0,108.0,103.0,103.05,104.15,29295.0,30.68
2011-11-16,107.0,109.0,102.55,105.5,104.7,28308.0,29.94
2011-11-15,113.0,114.7,103.7,106.85,105.8,36053.0,38.91
2011-11-14,122.0,122.0,112.5,112.9,113.8,22053.0,25.95
2011-11-11,109.8,125.4,107.65,118.0,117.6,87142.0,103.05
2011-11-09,109.0,110.0,106.05,107.95,107.9,18020.0,19.57
2011-11-08,105.0,109.3,105.0,108.7,108.85,10093.0,10.9
2011-11-04,108.2,110.7,105.5,106.0,106.4,9137.0,9.85
2011-11-03,107.0,111.25,106.95,107.15,108.35,7755.0,8.41
2011-11-02,113.5,113.5,107.0,107.55,108.0,5326.0,5.78
2011-11-01,110.4,112.9,108.05,110.0,110.0,16037.0,17.83
2011-10-31,110.0,111.0,109.0,110.9,110.4,14247.0,15.72
2011-10-28,109.6,111.0,108.0,110.0,110.0,13802.0,15.16
2011-10-26,105.0,110.0,105.0,106.25,108.25,11262.0,12.15
2011-10-25,105.25,106.65,102.6,106.0,104.8,18945.0,19.67
2011-10-24,106.05,107.0,104.05,104.2,105.25,5396.0,5.75
2011-10-21,104.5,107.0,104.0,106.0,106.05,10807.0,11.44
2011-10-20,104.7,106.7,102.7,106.65,106.05,7142.0,7.53
2011-10-19,102.2,105.8,98.0,105.7,105.25,13174.0,13.71
2011-10-18,104.0,104.0,101.5,102.4,102.2,4054.0,4.15
2011-10-17,105.95,106.0,102.95,104.3,104.0,5588.0,5.82
2011-10-14,102.0,104.0,102.0,102.6,102.75,6560.0,6.74
2011-10-13,102.95,103.0,102.0,102.0,102.4,20342.0,20.91
2011-10-12,102.0,102.7,101.0,101.3,101.8,9442.0,9.61
2011-10-11,102.0,103.9,101.0,101.0,102.15,7069.0,7.27
2011-10-10,100.1,102.75,100.1,101.8,101.7,7169.0,7.31
2011-10-07,102.4,103.9,100.1,101.9,101.35,11788.0,11.98
2011-10-05,102.0,103.65,98.25,99.35,99.15,18547.0,18.67
2011-10-04,100.35,105.8,100.35,102.0,102.05,13061.0,13.44
2011-10-03,103.95,103.95,101.15,102.0,102.0,19125.0,19.53
2011-09-30,102.6,105.5,102.5,103.8,103.95,17191.0,17.87
2011-09-29,105.7,105.7,103.0,104.0,103.85,5058.0,5.28
2011-09-28,105.5,108.9,104.15,104.2,104.6,33350.0,35.44
2011-09-27,104.0,105.5,102.55,103.0,103.5,5574.0,5.81
2011-09-26,102.85,106.0,100.3,102.45,102.5,6072.0,6.22
2011-09-23,105.7,105.7,103.1,103.2,103.9,16954.0,17.74
2011-09-22,101.0,107.75,101.0,103.0,103.65,13924.0,14.59
2011-09-21,112.4,112.4,106.35,108.1,108.5,16478.0,17.87
2011-09-20,105.0,111.35,104.5,111.0,110.25,24780.0,26.95
2011-09-19,107.9,107.9,103.5,105.35,104.7,2859.0,3.01
2011-09-16,108.7,109.45,103.9,104.45,104.2,11941.0,12.54
2011-09-15,109.0,109.25,104.0,106.15,105.9,9909.0,10.47
2011-09-14,107.0,108.65,106.1,107.25,107.95,4753.0,5.13
2011-09-13,112.0,113.0,106.15,106.2,106.6,11128.0,12.03
2011-09-12,109.0,109.2,102.2,108.15,108.5,23773.0,25.21
2011-09-09,106.1,108.0,100.6,105.7,106.65,152347.0,156.32
2011-09-08,115.0,128.7,106.0,108.0,107.15,102300.0,111.13
2011-09-07,109.9,113.8,106.0,109.2,109.15,143563.0,157.31
2011-09-06,103.5,112.9,103.5,110.0,109.9,25919.0,28.51
2011-09-05,118.7,118.7,109.5,109.5,109.95,33059.0,37.13
2011-09-02,116.65,120.0,115.55,116.0,116.4,20912.0,24.65
2011-08-30,123.0,123.0,116.55,117.5,118.7,6862.0,8.17
2011-08-29,115.05,119.9,115.05,119.0,118.4,4540.0,5.35
2011-08-26,117.3,123.85,114.25,115.05,115.15,6708.0,7.83
2011-08-25,122.0,122.0,117.0,117.0,117.25,2595.0,3.06
2011-08-24,125.0,125.0,117.0,117.95,117.95,14545.0,17.51
2011-08-23,120.0,120.7,118.5,119.5,119.35,20768.0,24.92
2011-08-22,120.1,124.45,115.0,119.0,119.9,34395.0,41.05
2011-08-19,129.0,129.0,119.2,120.4,121.05,15360.0,18.57
2011-08-18,125.0,139.6,125.0,127.25,127.15,21579.0,27.7
2011-08-17,132.75,133.05,127.15,129.2,129.3,9503.0,12.38
2011-08-16,138.0,138.0,130.6,132.9,132.15,29801.0,40.52
2011-08-12,139.65,140.0,134.05,135.0,135.55,27130.0,36.95
2011-08-11,142.0,144.8,133.0,135.05,138.3,48601.0,67.43
2011-08-10,144.0,147.8,141.05,144.2,142.8,30400.0,43.59
2011-08-09,140.5,145.0,136.05,145.0,143.3,43122.0,61.72
2011-08-08,135.0,148.0,131.8,142.1,141.5,97198.0,138.44
2011-08-05,150.0,150.0,136.35,139.0,139.65,27420.0,38.42
2011-08-04,150.0,151.5,146.25,146.5,148.65,12480.0,18.67
2011-08-03,156.0,156.0,148.2,149.0,149.3,12249.0,18.4
2011-08-02,153.25,153.9,153.0,153.9,153.15,9854.0,15.08
2011-08-01,156.0,156.8,152.35,154.95,154.0,19559.0,30.31
2011-07-29,152.0,156.0,152.0,156.0,155.0,14610.0,22.51
2011-07-28,152.7,153.55,149.0,152.5,152.2,12944.0,19.72
2011-07-27,158.0,158.0,154.0,154.0,154.1,4792.0,7.4
2011-07-26,155.25,157.05,154.0,154.0,154.75,12643.0,19.67
2011-07-25,156.0,156.35,154.0,155.0,155.25,7812.0,12.09
2011-07-22,157.25,157.4,153.65,153.7,155.6,27870.0,43.43
2011-07-21,158.0,158.0,155.0,157.5,157.0,8421.0,13.14
2011-07-20,162.0,163.9,154.0,154.05,155.2,62803.0,99.31
2011-07-19,153.0,160.2,153.0,160.0,158.95,58367.0,92.1
2011-07-18,154.0,154.9,152.6,153.0,153.5,6396.0,9.83
2011-07-15,158.0,158.0,153.0,153.0,153.9,4595.0,7.08
2011-07-14,152.5,159.85,151.0,154.0,154.4,38521.0,58.87
2011-07-13,156.0,156.95,153.0,153.2,153.15,29754.0,45.96
2011-07-12,155.25,157.7,154.0,157.7,155.3,20033.0,31.07
2011-07-11,161.55,161.55,154.0,157.75,155.25,25164.0,39.52
2011-07-08,165.0,166.0,158.25,158.25,159.5,12553.0,20.37
2011-07-07,166.0,166.0,159.75,164.85,163.75,16434.0,26.87
2011-07-06,165.95,165.95,160.1,161.0,161.9,5213.0,8.42
2011-07-05,166.9,166.9,163.2,163.2,163.95,3408.0,5.62
2011-07-04,162.5,168.0,162.0,164.0,166.0,24967.0,41.48
2011-07-01,161.65,163.0,159.1,162.5,162.25,23718.0,38.15
2011-06-30,159.7,165.05,157.15,157.15,158.4,11315.0,18.12
2011-06-29,162.85,169.8,158.0,160.0,159.7,41424.0,67.54
2011-06-28,161.25,162.0,158.8,158.8,160.25,3209.0,5.16
2011-06-27,160.0,163.0,158.0,162.0,161.25,21442.0,34.51
2011-06-24,163.0,163.5,159.0,162.0,161.7,21630.0,34.79
2011-06-23,162.0,162.0,157.0,160.0,159.85,4270.0,6.82
2011-06-22,156.0,160.5,151.3,160.5,159.1,21051.0,33.31
2011-06-21,158.0,160.0,153.05,156.0,155.4,29029.0,44.81
2011-06-20,164.5,164.5,156.1,158.0,158.2,35151.0,55.91
2011-06-17,165.0,165.0,161.9,163.9,162.75,25506.0,41.52
2011-06-16,167.0,167.0,161.0,163.0,162.15,7818.0,12.68
2011-06-15,165.8,167.1,162.0,163.0,163.15,8724.0,14.31
2011-06-14,165.0,165.0,162.0,163.05,163.35,15971.0,25.96
2011-06-13,163.55,166.0,162.0,164.0,163.95,6993.0,11.41
2011-06-10,169.7,169.7,163.5,163.5,163.55,12668.0,20.8
2011-06-09,163.25,166.5,162.0,163.0,164.75,5937.0,9.68
2011-06-08,167.0,167.0,152.25,164.4,164.05,7743.0,12.54
2011-06-07,162.0,168.7,162.0,167.0,167.7,9836.0,16.24
2011-06-06,163.0,164.9,162.0,162.0,162.55,4528.0,7.38
2011-06-03,165.9,166.05,162.05,163.0,163.05,4571.0,7.48
2011-06-02,167.95,167.95,163.0,163.05,163.2,4578.0,7.54
2011-06-01,165.0,171.9,163.0,169.85,168.8,19069.0,31.3
2011-05-31,161.0,165.0,161.0,163.45,163.2,12166.0,19.84
2011-05-30,163.0,163.95,162.0,163.0,162.25,3365.0,5.46
2011-05-27,166.6,166.6,163.0,163.0,163.0,3818.0,6.23
2011-05-26,165.0,165.0,155.3,163.0,163.05,2522.0,4.11
2011-05-25,164.0,164.0,162.0,162.8,162.1,6691.0,10.84
2011-05-24,163.0,163.5,162.0,163.5,162.95,6290.0,10.21
2011-05-23,163.05,164.9,160.0,162.0,161.9,10454.0,16.92
2011-05-20,165.0,167.35,163.0,164.65,165.25,7091.0,11.61
2011-05-19,166.95,166.95,162.6,165.0,165.0,18453.0,30.39
2011-05-18,167.7,167.7,164.0,164.0,164.65,3840.0,6.31
2011-05-17,168.3,168.3,163.0,164.5,164.1,19362.0,31.8
2011-05-16,175.0,175.0,164.0,164.0,164.25,5541.0,9.1
2011-05-13,169.8,169.8,165.0,165.1,165.05,23646.0,39.44
2011-05-12,165.0,169.5,164.0,169.0,167.35,48096.0,79.49
2011-05-11,164.0,167.9,163.05,167.5,166.55,364303.0,601.12
2011-05-10,168.0,168.0,162.3,164.0,164.0,12234.0,20.08
2011-05-09,169.8,169.8,162.55,165.75,165.35,17029.0,27.97
2011-05-06,167.0,167.0,161.0,165.4,164.75,22491.0,37.06
2011-05-05,168.0,168.0,160.1,164.9,163.1,60539.0,98.67
2011-05-04,160.1,166.55,156.1,164.05,164.85,29047.0,47.02
2011-05-03,163.0,164.0,161.0,161.65,162.1,30977.0,50.28
2011-05-02,151.7,165.0,151.7,162.35,162.35,12866.0,20.93
2011-04-29,163.5,166.7,163.5,166.0,165.2,106918.0,176.42
2011-04-28,167.45,167.5,162.1,163.7,164.95,118008.0,194.56
2011-04-27,166.0,169.65,164.6,165.0,165.2,25361.0,41.9
2011-04-26,169.5,169.5,161.25,164.5,165.0,18366.0,30.34
2011-04-25,167.2,176.0,166.1,167.5,167.15,22057.0,37.1
2011-04-21,168.5,172.4,168.2,169.5,169.65,26173.0,44.58
2011-04-20,173.0,173.7,165.7,167.65,168.2,44032.0,74.4
2011-04-19,178.05,178.05,170.0,170.5,172.6,31271.0,53.9
2011-04-18,172.0,176.9,171.1,173.4,174.4,64055.0,111.6
2011-04-15,166.35,172.0,166.35,172.0,171.05,15487.0,26.3
2011-04-13,172.2,174.6,168.1,169.35,171.15,29663.0,50.93
2011-04-11,174.9,175.9,170.0,172.0,172.1,32879.0,56.39
2011-04-08,176.0,181.0,173.0,174.5,174.9,69424.0,122.05
2011-04-07,171.2,176.8,170.55,175.55,174.9,59065.0,102.89
2011-04-06,171.95,178.0,165.25,172.0,171.2,136030.0,236.64
2011-04-05,164.0,173.0,163.0,170.95,171.55,84688.0,142.3
2011-04-04,156.8,163.5,156.8,162.2,162.5,41115.0,66.09
2011-04-01,155.8,155.95,152.1,154.05,154.4,9953.0,15.38
2011-03-31,154.8,162.0,150.55,154.0,153.8,34429.0,53.54
2011-03-30,146.8,155.0,146.0,153.8,152.35,49272.0,74.75
2011-03-29,143.9,147.95,142.5,145.95,145.05,49329.0,71.73
2011-03-28,144.0,146.85,131.15,142.6,142.9,48948.0,70.14
2011-03-25,138.5,145.6,138.0,141.4,142.15,68742.0,98.48
2011-03-24,139.95,140.7,136.9,137.8,138.0,72361.0,100.69
2011-03-23,135.0,139.35,135.0,137.5,138.05,29655.0,40.56
2011-03-22,136.05,137.95,134.7,135.25,135.45,24148.0,32.79
2011-03-21,141.4,141.4,135.0,136.0,136.3,38271.0,52.51
2011-03-18,144.75,145.0,136.05,139.1,138.85,61203.0,86.19
2011-03-17,146.4,146.8,144.0,146.7,144.7,27230.0,39.44
2011-03-16,146.8,148.0,145.0,146.1,146.7,21233.0,31.13
2011-03-15,144.85,147.5,140.6,144.7,145.2,47920.0,69.38
2011-03-14,148.0,149.65,140.05,146.15,146.85,68281.0,100.1
2011-03-11,146.25,150.7,145.85,147.55,148.1,54824.0,81.38
2011-03-10,150.6,151.45,146.8,147.7,147.65,38715.0,57.67
2011-03-09,156.8,157.15,150.0,151.1,150.7,34817.0,53.12
2011-03-08,154.1,155.9,151.4,154.0,154.55,33275.0,51.49
2011-03-07,150.0,154.0,149.0,154.0,153.45,34653.0,52.28
2011-03-04,152.4,158.5,150.05,151.6,151.05,133389.0,208.47
2011-03-03,156.0,158.6,148.1,155.5,154.95,69997.0,107.9
2011-03-01,148.5,159.45,146.55,159.0,157.9,55296.0,86.08
2011-02-28,145.05,150.0,145.0,147.0,145.8,35631.0,52.77
2011-02-25,152.5,153.0,143.0,146.0,144.15,42852.0,62.24
2011-02-24,152.0,152.95,144.25,146.25,146.6,55914.0,82.71
2011-02-23,153.0,156.85,150.3,151.5,151.95,41772.0,64.09
2011-02-22,158.7,162.5,151.25,151.3,153.0,45281.0,70.72
2011-02-21,155.55,161.0,154.0,160.9,159.85,61312.0,96.47
2011-02-18,161.15,163.95,153.0,156.0,154.45,59474.0,94.82
2011-02-17,163.7,165.9,159.0,160.1,161.15,84437.0,137.34
2011-02-16,151.7,164.45,151.0,162.5,162.15,145595.0,229.49
2011-02-15,148.05,154.0,144.15,147.5,148.65,149168.0,223.19
2011-02-14,145.3,145.9,140.5,144.9,144.7,84154.0,121.61
2011-02-11,135.0,140.0,132.0,139.0,139.6,66411.0,91.08
2011-02-10,145.0,145.0,129.0,134.7,136.65,76503.0,103.33
2011-02-09,156.75,156.75,141.0,146.0,144.05,55583.0,82.73
2011-02-08,168.2,168.2,155.25,155.25,158.5,37676.0,61.21
2011-02-07,163.0,170.0,163.0,166.9,166.55,19075.0,31.82
2011-02-04,174.8,174.8,161.0,162.0,162.7,39431.0,66.22
2011-02-03,173.0,173.9,170.2,171.5,171.4,37354.0,64.29
2011-02-02,177.95,180.8,171.0,171.0,174.65,47440.0,83.39
2011-02-01,178.95,180.5,174.0,175.0,175.85,42964.0,76.66
2011-01-31,179.7,180.5,172.55,176.7,177.1,13970.0,24.71
2011-01-28,180.0,189.9,170.1,181.0,179.7,33503.0,58.89
2011-01-27,185.5,185.5,177.0,177.0,179.8,32739.0,59.6
2011-01-25,184.0,185.8,182.0,183.0,182.7,36162.0,66.27
2011-01-24,185.0,189.5,182.25,182.3,183.8,23930.0,44.49
2011-01-21,179.0,184.4,179.0,182.95,183.05,32371.0,59.22
2011-01-20,185.9,186.9,180.25,182.1,182.35,15399.0,28.19
2011-01-19,189.0,194.0,184.1,185.0,185.85,48204.0,90.92
2011-01-18,191.55,198.0,184.1,186.25,186.55,68582.0,130.52
2011-01-17,191.35,195.0,186.6,188.0,188.25,38522.0,73.64
2011-01-14,195.0,198.0,188.1,193.8,191.35,43626.0,85.64
2011-01-13,197.3,200.0,194.0,194.5,194.7,39876.0,78.6
2011-01-12,194.4,198.45,193.1,197.0,196.35,42466.0,83.02
2011-01-11,198.0,203.0,191.0,193.8,193.4,42765.0,84.26
2011-01-10,202.5,203.75,194.0,198.0,197.5,56236.0,111.23
2011-01-07,206.3,212.9,198.5,205.0,202.5,96259.0,197.02
2011-01-06,216.0,216.5,202.35,211.0,211.6,50531.0,106.65
2011-01-05,210.15,219.0,206.0,214.5,215.0,57777.0,124.35
2011-01-04,218.0,218.0,207.0,209.85,208.75,53811.0,114.33
2011-01-03,216.95,226.5,212.0,214.0,215.25,125627.0,275.55
2010-12-31,206.0,217.0,203.0,215.6,212.75,47632.0,100.55
2010-12-30,194.65,211.6,193.15,210.0,205.7,70742.0,142.79
2010-12-29,189.95,196.9,189.95,193.0,193.05,37566.0,72.76
2010-12-28,197.0,197.0,187.2,188.6,188.45,48538.0,92.56
2010-12-27,200.25,200.55,195.55,198.0,196.25,28933.0,57.16
2010-12-24,200.0,201.3,196.4,196.6,199.05,43835.0,87.47
2010-12-23,204.8,207.8,198.1,200.7,201.5,50841.0,103.55
2010-12-22,208.8,208.8,201.1,203.65,204.0,35181.0,71.99
2010-12-21,202.9,208.4,199.9,203.05,205.3,66813.0,136.01
2010-12-20,205.9,209.25,197.15,197.3,204.65,38115.0,77.51
2010-12-16,201.1,208.9,197.1,203.1,204.1,15509.0,31.34
2010-12-15,203.5,205.0,197.0,200.5,201.25,24616.0,49.51
2010-12-14,195.55,202.8,190.25,201.0,201.15,31633.0,62.89
2010-12-13,180.35,192.3,180.35,192.2,191.6,30026.0,56.81
2010-12-10,173.05,184.0,169.95,176.05,177.95,59955.0,106.89
2010-12-09,191.9,191.9,171.25,172.0,173.85,37181.0,65.66
2010-12-08,196.0,197.0,185.0,186.05,186.05,78429.0,147.46
2010-12-07,199.45,199.5,194.3,197.7,195.05,56045.0,109.67
2010-12-06,195.1,203.4,194.4,198.0,197.05,77729.0,154.8
2010-12-03,208.0,209.25,186.5,199.45,197.85,71026.0,138.34
2010-12-02,214.9,216.45,206.5,210.0,209.25,42632.0,89.29
2010-12-01,206.6,216.9,204.15,214.65,211.25,51149.0,108.83
2010-11-30,194.5,206.9,193.25,206.0,204.15,50814.0,101.34
2010-11-29,184.0,199.5,184.0,199.5,198.45,83357.0,159.5
2010-11-26,208.0,208.0,178.35,189.55,190.0,91847.0,175.29
2010-11-25,210.8,213.5,205.0,207.0,205.75,37180.0,77.85
2010-11-24,215.15,220.0,203.25,207.0,209.25,48197.0,103.38
2010-11-23,222.0,224.9,212.5,215.8,216.9,40130.0,88.08
2010-11-22,224.4,225.4,219.5,225.4,223.95,46278.0,103.19
2010-11-19,220.0,227.0,215.25,221.15,218.8,48543.0,108.38
2010-11-18,212.95,225.0,211.35,217.3,217.35,63154.0,137.91
2010-11-16,227.4,227.5,208.0,213.95,212.95,138767.0,302.52
2010-11-15,234.95,234.95,221.0,224.75,223.6,55239.0,124.26
2010-11-12,242.45,244.0,229.05,234.0,231.55,31471.0,73.59
2010-11-11,247.0,247.4,238.0,241.0,239.75,51049.0,123.81
2010-11-10,252.0,253.95,242.0,244.85,244.1,41723.0,103.74
2010-11-09,250.0,253.5,246.0,250.45,251.6,40051.0,99.83
2010-11-08,247.8,254.0,243.0,247.9,247.1,71428.0,177.41
2010-11-05,245.9,250.0,244.4,244.5,245.7,22875.0,56.44
2010-11-04,236.9,245.0,235.6,243.35,243.3,65553.0,157.23
2010-11-03,236.25,239.95,231.5,232.95,233.0,43913.0,103.66
2010-11-02,240.9,245.0,234.0,235.05,235.2,44840.0,107.73
2010-11-01,239.95,244.0,236.9,240.1,240.9,29410.0,70.83
2010-10-29,247.0,249.8,231.1,236.0,235.2,101623.0,245.04
2010-10-28,241.55,250.45,241.55,247.85,246.45,52191.0,129.22
2010-10-27,249.5,249.75,239.05,245.0,241.4,42531.0,104.25
2010-10-26,252.5,259.0,246.2,252.0,250.35,50547.0,127.03
2010-10-25,248.9,253.7,244.0,252.8,251.05,35230.0,87.26
2010-10-22,240.0,250.0,236.0,246.0,247.2,42090.0,102.24
2010-10-21,238.0,244.0,235.0,239.0,238.6,29983.0,71.23
2010-10-20,237.25,239.5,227.2,235.55,235.55,52969.0,124.99
2010-10-19,242.0,245.6,234.25,236.0,236.7,45577.0,109.82
2010-10-18,241.6,244.0,235.0,242.6,241.8,65371.0,156.86
2010-10-15,246.0,248.0,239.0,240.0,239.9,77546.0,188.17
2010-10-14,251.35,255.0,243.2,243.2,244.55,85844.0,211.72
2010-10-13,252.8,254.8,245.3,246.0,247.3,35710.0,89.12
2010-10-12,255.0,255.0,247.95,251.0,250.25,31297.0,78.32
2010-10-11,247.5,261.5,247.5,255.8,255.8,85283.0,219.8
2010-10-08,245.0,250.5,242.0,248.2,248.9,30114.0,74.2
2010-10-07,251.4,251.4,243.0,245.0,244.0,29616.0,73.25
2010-10-06,255.3,255.35,245.1,250.0,248.75,39860.0,99.59
2010-10-05,254.0,254.95,249.55,253.0,251.9,33183.0,83.83
2010-10-04,261.75,264.5,252.05,252.5,254.15,64675.0,166.46
2010-10-01,254.7,263.0,254.0,258.1,258.75,146225.0,379.32
2010-09-30,248.8,260.75,246.2,255.05,252.15,251705.0,642.6
2010-09-29,240.0,255.5,216.05,244.2,246.0,213772.0,525.91
